Vaccine  ,Price Tier (group) (4.2),Source,Year (Price),Display Price
BCG,,UNICEF SD,2021,0.0976
BCG,,PAHO,2021,0.33
BCG,,UNICEF SD,2020,0.0948
BCG,,PAHO,2020,0.231
BCG,China & Lower Middle Income,V3P,2020,0.355211957
BCG,Upper Middle Income,V3P,2020,1.573036760
BCG,High Income & Super HICs,V3P,2020,7.146305245
BCG,,UNICEF SD,2019,0.092
BCG,,PAHO,2019,0.22
BCG,China & Lower Middle Income,V3P,2019,0.158950059
BCG,Upper Middle Income,V3P,2019,0.531928924
BCG,High Income & Super HICs,V3P,2019,4.842619702
BCG,,UNICEF SD,2018,0.09
BCG,,PAHO,2018,0.2073
BCG,China & Lower Middle Income,V3P,2018,0.183542827
BCG,Upper Middle Income,V3P,2018,0.444522025
BCG,High Income & Super HICs,V3P,2018,3.299780882
BCG,,UNICEF SD,2017,0.075
BCG,,PAHO,2017,0.1406
BCG,China & Lower Middle Income,V3P,2017,0.125555556
BCG,Upper Middle Income,V3P,2017,0.620268453
BCG,High Income & Super HICs,V3P,2017,1.719661863
BCG,,UNICEF SD,2016,0.068
BCG,,PAHO,2016,0.1443
BCG,China & Lower Middle Income,V3P,2016,0.2650788
BCG,Upper Middle Income,V3P,2016,0.587450167
BCG,High Income & Super HICs,V3P,2016,2.693737348
BCG,,UNICEF SD,2015,0.068
BCG,,PAHO,2015,0.1475
BCG,China & Lower Middle Income,V3P,2015,
BCG,Upper Middle Income,V3P,2015,
BCG,High Income & Super HICs,V3P,2015,
BCG,,UNICEF SD,2014,0.065
BCG,,PAHO,2014,0.12675
BCG,Upper Middle Income,V3P,2014,
BCG,High Income & Super HICs,V3P,2014,
BCG,,UNICEF SD,2013,0.0625
BCG,,PAHO,2013,0.12675
BCG,China & Lower Middle Income,V3P,2013,
BCG,Upper Middle Income,V3P,2013,
BCG,High Income & Super HICs,V3P,2013,
BCG,,UNICEF SD,2012,0.057
BCG,,PAHO,2012,0.1645
bOPV,,UNICEF SD,2021,0.0889
bOPV,,PAHO,2021,0.1384
bOPV,,UNICEF SD,2020,0.0975
bOPV,,PAHO,2020,0.14915
bOPV,China & Lower Middle Income,V3P,2020,0.293244796
bOPV,Upper Middle Income,V3P,2020,0.727949562
bOPV,High Income & Super HICs,V3P,2020,2.222176639
bOPV,,UNICEF SD,2019,0.0929
bOPV,,PAHO,2019,0.1496
bOPV,China & Lower Middle Income,V3P,2019,0.660803333
bOPV,Upper Middle Income,V3P,2019,0.642602664
bOPV,High Income & Super HICs,V3P,2019,1.897552088
bOPV,,UNICEF SD,2018,0.0952
bOPV,,PAHO,2018,0.1496
bOPV,China & Lower Middle Income,V3P,2018,0.186450914
bOPV,Upper Middle Income,V3P,2018,0.560200512
bOPV,High Income & Super HICs,V3P,2018,0.645576170
bOPV,,UNICEF SD,2017,0.12
bOPV,,PAHO,2017,0.14665
bOPV,China & Lower Middle Income,V3P,2017,0.163333333
bOPV,Upper Middle Income,V3P,2017,0.526522063
bOPV,High Income & Super HICs,V3P,2017,0.354285714
bOPV,,UNICEF SD,2016,0.12
bOPV,,PAHO,2016,0.1325
bOPV,China & Lower Middle Income,V3P,2016,0.241862125
bOPV,Upper Middle Income,V3P,2016,0.360124577
bOPV,High Income & Super HICs,V3P,2016,0.5043025
bOPV,,UNICEF SD,2015,0.1175
bOPV,China & Lower Middle Income,V3P,2015,
bOPV,Upper Middle Income,V3P,2015,
bOPV,,UNICEF SD,2014,0.1
bOPV,,UNICEF SD,2013,0.1
bOPV,,UNICEF SD,2012,0.1206
Covid-19,,UNICEF SD,2021,3
DT,,UNICEF SD,2021,0.165
DT,,PAHO,2021,0.165
DT,,UNICEF SD,2020,0.165
DT,,PAHO,2020,0.16
DT,China & Lower Middle Income,V3P,2020,0.335085307
DT,Upper Middle Income,V3P,2020,0.306640272
DT,High Income & Super HICs,V3P,2020,3.083001861
DT,,UNICEF SD,2019,0.16
DT,,PAHO,2019,0.16
DT,China & Lower Middle Income,V3P,2019,0.244810554
DT,Upper Middle Income,V3P,2019,0.431591200
DT,High Income & Super HICs,V3P,2019,1.687448081
DT,,UNICEF SD,2018,0.16
DT,,PAHO,2018,0.167
DT,China & Lower Middle Income,V3P,2018,0.365935673
DT,Upper Middle Income,V3P,2018,0.435143439
DT,High Income & Super HICs,V3P,2018,11.435762471
DT,,UNICEF SD,2017,0.159
DT,,PAHO,2017,0.167
DT,China & Lower Middle Income,V3P,2017,0.383333333
DT,Upper Middle Income,V3P,2017,0.623717030
DT,High Income & Super HICs,V3P,2017,2.752
DT,,UNICEF SD,2016,0.14
DT,,PAHO,2016,0.156
DT,China & Lower Middle Income,V3P,2016,0.8314075
DT,Upper Middle Income,V3P,2016,0.738998562
DT,High Income & Super HICs,V3P,2016,2.2851415
DT,,UNICEF SD,2015,0.115
DT,,PAHO,2015,0.119
DT,China & Lower Middle Income,V3P,2015,
DT,Upper Middle Income,V3P,2015,
DT,High Income & Super HICs,V3P,2015,
DT,,UNICEF SD,2014,0.115
DT,,PAHO,2014,0.11
DT,Upper Middle Income,V3P,2014,
DT,,UNICEF SD,2013,0.11
DT,,PAHO,2013,0.1115
DT,Upper Middle Income,V3P,2013,
DT,High Income & Super HICs,V3P,2013,
DT,,UNICEF SD,2012,0.105
DT,,PAHO,2012,0.085
DTaP,,PAHO,2021,16.52
DTaP,USA,CDC,2021,19.224777778
DTaP,,PAHO,2020,16.2
DTaP,China & Lower Middle Income,V3P,2020,
DTaP,Upper Middle Income,V3P,2020,
DTaP,High Income & Super HICs,V3P,2020,24.247355574
DTaP,USA,CDC,2020,18.689857143
DTaP,,PAHO,2019,15
DTaP,Upper Middle Income,V3P,2019,14.723319786
DTaP,High Income & Super HICs,V3P,2019,14.314525832
DTaP,USA,CDC,2019,18.351916667
DTaP,,PAHO,2018,15
DTaP,Upper Middle Income,V3P,2018,15.431590159
DTaP,High Income & Super HICs,V3P,2018,13.668514436
DTaP,USA,CDC,2018,17.872121212
DTaP,,PAHO,2017,15
DTaP,Upper Middle Income,V3P,2017,16.763333333
DTaP,High Income & Super HICs,V3P,2017,11.568577539
DTaP,USA,CDC,2017,17.215555556
DTaP,,PAHO,2016,12.8
DTaP,Upper Middle Income,V3P,2016,17.5995735
DTaP,High Income & Super HICs,V3P,2016,15.778726593
DTaP,USA,CDC,2016,16.693888889
DTaP,,PAHO,2015,11.26335
DTaP,High Income & Super HICs,V3P,2015,
DTaP,USA,CDC,2015,15.953333333
DTaP,,PAHO,2014,8.49355
DTaP,Upper Middle Income,V3P,2014,
DTaP,High Income & Super HICs,V3P,2014,
DTaP,USA,CDC,2014,15.663703704
DTaP,,PAHO,2013,9.8397
DTaP,High Income & Super HICs,V3P,2013,
DTaP,USA,CDC,2013,15.581481481
DTaP,,PAHO,2012,10.5
DTaP,USA,CDC,2012,14.917575758
DTaP-HepB-IPV,USA,CDC,2021,61.699555556
DTaP-HepB-IPV,High Income & Super HICs,V3P,2020,
DTaP-HepB-IPV,USA,CDC,2020,60.156
DTaP-HepB-IPV,USA,CDC,2019,58.78
DTaP-HepB-IPV,USA,CDC,2018,57.55
DTaP-HepB-IPV,USA,CDC,2017,55.75
DTaP-HepB-IPV,USA,CDC,2016,54.726666667
DTaP-HepB-IPV,USA,CDC,2015,53.86
DTaP-HepB-IPV,USA,CDC,2014,53.433333333
DTaP-HepB-IPV,USA,CDC,2013,52.473333333
DTaP-HepB-IPV,USA,CDC,2012,51.815
DTaP-Hib-IPV,,PAHO,2021,16.31
DTaP-Hib-IPV,USA,CDC,2021,62.612444444
DTaP-Hib-IPV,,PAHO,2020,15.84
DTaP-Hib-IPV,Upper Middle Income,V3P,2020,18.437953824
DTaP-Hib-IPV,High Income & Super HICs,V3P,2020,24.705719602
DTaP-Hib-IPV,USA,CDC,2020,60.906
DTaP-Hib-IPV,,PAHO,2019,14.8
DTaP-Hib-IPV,Upper Middle Income,V3P,2019,18.075346339
DTaP-Hib-IPV,High Income & Super HICs,V3P,2019,22.366479096
DTaP-Hib-IPV,USA,CDC,2019,59.149
DTaP-Hib-IPV,,PAHO,2018,14.2
DTaP-Hib-IPV,Upper Middle Income,V3P,2018,18.976948530
DTaP-Hib-IPV,High Income & Super HICs,V3P,2018,24.838818262
DTaP-Hib-IPV,USA,CDC,2018,57.895818182
DTaP-Hib-IPV,,PAHO,2017,13.6
DTaP-Hib-IPV,Upper Middle Income,V3P,2017,22.298394187
DTaP-Hib-IPV,High Income & Super HICs,V3P,2017,25.125299187
DTaP-Hib-IPV,USA,CDC,2017,56.814444444
DTaP-Hib-IPV,,PAHO,2016,13
DTaP-Hib-IPV,Upper Middle Income,V3P,2016,20.127205
DTaP-Hib-IPV,High Income & Super HICs,V3P,2016,23.885188606
DTaP-Hib-IPV,USA,CDC,2016,56.488333333
DTaP-Hib-IPV,,PAHO,2015,12.5
DTaP-Hib-IPV,Upper Middle Income,V3P,2015,
DTaP-Hib-IPV,High Income & Super HICs,V3P,2015,
DTaP-Hib-IPV,USA,CDC,2015,53.73
DTaP-Hib-IPV,,PAHO,2014,11.5
DTaP-Hib-IPV,Upper Middle Income,V3P,2014,
DTaP-Hib-IPV,High Income & Super HICs,V3P,2014,
DTaP-Hib-IPV,USA,CDC,2014,53.626666667
DTaP-Hib-IPV,,PAHO,2013,10
DTaP-Hib-IPV,Upper Middle Income,V3P,2013,
DTaP-Hib-IPV,High Income & Super HICs,V3P,2013,
DTaP-Hib-IPV,USA,CDC,2013,55.682222222
DTaP-Hib-IPV,USA,CDC,2012,53.915
DTaP-IPV,,PAHO,2021,13.23
DTaP-IPV,USA,CDC,2021,42.810681818
DTaP-IPV,,PAHO,2020,12.84
DTaP-IPV,Upper Middle Income,V3P,2020,19.033000970
DTaP-IPV,High Income & Super HICs,V3P,2020,22.715843525
DTaP-IPV,USA,CDC,2020,41.857444444
DTaP-IPV,,PAHO,2019,12
DTaP-IPV,Upper Middle Income,V3P,2019,16.639145234
DTaP-IPV,High Income & Super HICs,V3P,2019,18.705078844
DTaP-IPV,USA,CDC,2019,40.874636364
DTaP-IPV,,PAHO,2018,11.5
DTaP-IPV,Upper Middle Income,V3P,2018,17.797711616
DTaP-IPV,High Income & Super HICs,V3P,2018,20.023278652
DTaP-IPV,USA,CDC,2018,39.916875
DTaP-IPV,,PAHO,2017,11
DTaP-IPV,Upper Middle Income,V3P,2017,16.744
DTaP-IPV,High Income & Super HICs,V3P,2017,19.028120497
DTaP-IPV,USA,CDC,2017,39.57
DTaP-IPV,,PAHO,2016,10.4
DTaP-IPV,Upper Middle Income,V3P,2016,14.8091578
DTaP-IPV,High Income & Super HICs,V3P,2016,16.481852496
DTaP-IPV,USA,CDC,2016,39.391666667
DTaP-IPV,,PAHO,2015,9.55
DTaP-IPV,Upper Middle Income,V3P,2015,
DTaP-IPV,High Income & Super HICs,V3P,2015,
DTaP-IPV,USA,CDC,2015,38.5
DTaP-IPV,,PAHO,2014,8.6
DTaP-IPV,Upper Middle Income,V3P,2014,
DTaP-IPV,High Income & Super HICs,V3P,2014,
DTaP-IPV,USA,CDC,2014,38.043333333
DTaP-IPV,Upper Middle Income,V3P,2013,
DTaP-IPV,High Income & Super HICs,V3P,2013,
DTaP-IPV,USA,CDC,2013,36.767777778
DTaP-IPV,USA,CDC,2012,35.125
DTwP,,UNICEF SD,2021,0.165
DTwP,,PAHO,2021,0.1773
DTwP,,UNICEF SD,2020,0.165
DTwP,,PAHO,2020,0.1813
DTwP,China & Lower Middle Income,V3P,2020,0.280210134
DTwP,Upper Middle Income,V3P,2020,1.698127938
DTwP,High Income & Super HICs,V3P,2020,1.609712230
DTwP,,UNICEF SD,2019,0.165
DTwP,,PAHO,2019,0.1757
DTwP,China & Lower Middle Income,V3P,2019,0.214327200
DTwP,Upper Middle Income,V3P,2019,0.335778167
DTwP,High Income & Super HICs,V3P,2019,2.496028610
DTwP,,UNICEF SD,2018,0.2
DTwP,,PAHO,2018,0.1685
DTwP,China & Lower Middle Income,V3P,2018,0.377120526
DTwP,Upper Middle Income,V3P,2018,0.336006460
DTwP,High Income & Super HICs,V3P,2018,4.094943630
DTwP,,UNICEF SD,2017,0.2
DTwP,,PAHO,2017,0.2048
DTwP,China & Lower Middle Income,V3P,2017,0.248
DTwP,Upper Middle Income,V3P,2017,0.402703131
DTwP,High Income & Super HICs,V3P,2017,3.744249941
DTwP,,UNICEF SD,2016,0.2
DTwP,,PAHO,2016,0.222
DTwP,China & Lower Middle Income,V3P,2016,0.225
DTwP,Upper Middle Income,V3P,2016,0.6796605
DTwP,High Income & Super HICs,V3P,2016,1.378457667
DTwP,,UNICEF SD,2015,0.197
DTwP,,PAHO,2015,0.2185
DTwP,China & Lower Middle Income,V3P,2015,
DTwP,Upper Middle Income,V3P,2015,
DTwP,High Income & Super HICs,V3P,2015,
DTwP,,UNICEF SD,2014,0.197
DTwP,,PAHO,2014,0.2185
DTwP,China & Lower Middle Income,V3P,2014,
DTwP,Upper Middle Income,V3P,2014,
DTwP,,UNICEF SD,2013,0.197
DTwP,,PAHO,2013,0.197
DTwP,Upper Middle Income,V3P,2013,
DTwP,,UNICEF SD,2012,0.141
DTwP,,PAHO,2012,0.16
DTwP-HepB-Hib-IPV,Upper Middle Income,V3P,2020,
DTwP-Hib,,PAHO,2021,3
DTwP-Hib,,PAHO,2020,3
DTwP-Hib,,PAHO,2019,2.65
DTwP-Hib,,PAHO,2018,2.65
DTwP-Hib,Upper Middle Income,V3P,2018,2.852709622
DTwP-Hib,,PAHO,2017,2.65
DTwP-Hib,Upper Middle Income,V3P,2017,2.84
DTwP-Hib,,PAHO,2016,2.65
DTwP-Hib,Upper Middle Income,V3P,2016,2.7316545
DTwP-Hib,,PAHO,2015,2.65
DTwP-Hib,Upper Middle Income,V3P,2015,
DTwP-Hib,,PAHO,2014,2.65
DTwP-Hib,,PAHO,2013,3.05
DTwP-Hib,,PAHO,2012,3
Ebola,,UNICEF SD,2021,98.6
Ebola,,UNICEF SD,2020,98.6
HepA,,UNICEF SD,2021,7.55
HepA,,PAHO,2021,8.298
HepA,USA,CDC,2021,21.250666667
HepA,,UNICEF SD,2020,6.99
HepA,,PAHO,2020,8.166
HepA,China & Lower Middle Income,V3P,2020,7.299310184
HepA,Upper Middle Income,V3P,2020,15.611004054
HepA,High Income & Super HICs,V3P,2020,19.585691872
HepA,USA,CDC,2020,20.604333333
HepA,,PAHO,2019,8.142
HepA,Upper Middle Income,V3P,2019,11.519872790
HepA,High Income & Super HICs,V3P,2019,14.223596642
HepA,USA,CDC,2019,19.855555556
HepA,,PAHO,2018,8.115
HepA,Upper Middle Income,V3P,2018,14.683693127
HepA,High Income & Super HICs,V3P,2018,14.980431900
HepA,USA,CDC,2018,19.254117647
HepA,,PAHO,2017,8.0562
HepA,Upper Middle Income,V3P,2017,12.326402749
HepA,High Income & Super HICs,V3P,2017,16.143636364
HepA,USA,CDC,2017,18.355806452
HepA,,PAHO,2016,8.4028
HepA,Upper Middle Income,V3P,2016,10.737971
HepA,High Income & Super HICs,V3P,2016,16.526716167
HepA,USA,CDC,2016,17.8925
HepA,,PAHO,2015,8.75
HepA,Upper Middle Income,V3P,2015,
HepA,High Income & Super HICs,V3P,2015,
HepA,USA,CDC,2015,16.856666667
HepA,,PAHO,2014,7.1
HepA,Upper Middle Income,V3P,2014,
HepA,High Income & Super HICs,V3P,2014,
HepA,USA,CDC,2014,15.9825
HepA,,PAHO,2013,7.1
HepA,Upper Middle Income,V3P,2013,
HepA,USA,CDC,2013,15.478611111
HepA,,PAHO,2012,7.1
HepA,USA,CDC,2012,14.744571429
HepA (adult),,PAHO,2021,13.0893
HepA (adult),USA,CDC,2021,34.107826087
HepA (adult),,PAHO,2020,13.6294
HepA (adult),Upper Middle Income,V3P,2020,18.092376747
HepA (adult),High Income & Super HICs,V3P,2020,29.362593143
HepA (adult),USA,CDC,2020,31.664555556
HepA (adult),,PAHO,2019,13.2779
HepA (adult),Upper Middle Income,V3P,2019,21.934186346
HepA (adult),High Income & Super HICs,V3P,2019,26.292426475
HepA (adult),USA,CDC,2019,29.772916667
HepA (adult),,PAHO,2018,13.2
HepA (adult),Upper Middle Income,V3P,2018,20.674724688
HepA (adult),High Income & Super HICs,V3P,2018,32.929500883
HepA (adult),USA,CDC,2018,28.132564103
HepA (adult),,PAHO,2017,13.2
HepA (adult),Upper Middle Income,V3P,2017,20.342109784
HepA (adult),High Income & Super HICs,V3P,2017,27.722868175
HepA (adult),USA,CDC,2017,27.288333333
HepA (adult),,PAHO,2016,12
HepA (adult),Upper Middle Income,V3P,2016,20.677868
HepA (adult),High Income & Super HICs,V3P,2016,24.906426714
HepA (adult),USA,CDC,2016,26.488333333
HepA (adult),,PAHO,2015,11.5
HepA (adult),High Income & Super HICs,V3P,2015,
HepA (adult),USA,CDC,2015,25.946666667
HepA (adult),,PAHO,2014,11.5
HepA (adult),High Income & Super HICs,V3P,2014,
HepA (adult),USA,CDC,2014,24.526666667
HepA (adult),,PAHO,2013,11
HepA (adult),High Income & Super HICs,V3P,2013,
HepA (adult),USA,CDC,2013,23.304545455
HepA (adult),,PAHO,2012,11
HepA (adult),USA,CDC,2012,21.529090909
HepA+B,USA,CDC,2021,64.311444444
HepA+B,High Income & Super HICs,V3P,2020,38.055214724
HepA+B,USA,CDC,2020,62.301333333
HepA+B,USA,CDC,2019,59.9125
HepA+B,USA,CDC,2018,58.177272727
HepA+B,USA,CDC,2017,56.25
HepA+B,USA,CDC,2016,54.890454545
HepA+B,USA,CDC,2015,53.273333333
HepA+B,USA,CDC,2014,51.564
HepA+B,USA,CDC,2013,50.42
HepA+B,USA,CDC,2012,48.726666667
HepB,,UNICEF SD,2021,0.24
HepB,,PAHO,2021,0.5377
HepB,USA,CDC,2021,14.166944444
HepB,,UNICEF SD,2020,0.24
HepB,,PAHO,2020,0.5317
HepB,China & Lower Middle Income,V3P,2020,0.749115152
HepB,Upper Middle Income,V3P,2020,1.941772157
HepB,High Income & Super HICs,V3P,2020,9.379127860
HepB,USA,CDC,2020,13.873047619
HepB,,UNICEF SD,2019,0.24
HepB,,PAHO,2019,0.2165
HepB,China & Lower Middle Income,V3P,2019,0.673649851
HepB,Upper Middle Income,V3P,2019,1.250833164
HepB,High Income & Super HICs,V3P,2019,6.081510308
HepB,USA,CDC,2019,13.374166667
HepB,,UNICEF SD,2018,0.175
HepB,,PAHO,2018,0.2165
HepB,China & Lower Middle Income,V3P,2018,0.412169404
HepB,Upper Middle Income,V3P,2018,1.871720576
HepB,High Income & Super HICs,V3P,2018,6.358351092
HepB,USA,CDC,2018,12.876666667
HepB,,UNICEF SD,2017,0.175
HepB,,PAHO,2017,0.2165
HepB,China & Lower Middle Income,V3P,2017,0.38
HepB,Upper Middle Income,V3P,2017,2.262969528
HepB,High Income & Super HICs,V3P,2017,5.025
HepB,USA,CDC,2017,12.084615385
HepB,,UNICEF SD,2016,0.175
HepB,,PAHO,2016,0.224
HepB,China & Lower Middle Income,V3P,2016,0.521633143
HepB,Upper Middle Income,V3P,2016,1.755825333
HepB,High Income & Super HICs,V3P,2016,4.625921143
HepB,USA,CDC,2016,11.860833333
HepB,,UNICEF SD,2015,0.16
HepB,,PAHO,2015,0.26
HepB,Upper Middle Income,V3P,2015,
HepB,High Income & Super HICs,V3P,2015,
HepB,USA,CDC,2015,11.3525
HepB,,UNICEF SD,2014,0.16
HepB,,PAHO,2014,0.35
HepB,China & Lower Middle Income,V3P,2014,
HepB,Upper Middle Income,V3P,2014,
HepB,High Income & Super HICs,V3P,2014,
HepB,USA,CDC,2014,11.2025
HepB,,UNICEF SD,2013,0.16
HepB,,PAHO,2013,0.25
HepB,China & Lower Middle Income,V3P,2013,
HepB,Upper Middle Income,V3P,2013,
HepB,High Income & Super HICs,V3P,2013,
HepB,USA,CDC,2013,11.1025
HepB,,UNICEF SD,2012,0.175
HepB,,PAHO,2012,0.266666667
HepB,USA,CDC,2012,10.759142857
HepB (adult),,UNICEF SD,2021,0.3
HepB (adult),,PAHO,2021,0.5169
HepB (adult),USA,CDC,2021,41.32240625
HepB (adult),,UNICEF SD,2020,0.3
HepB (adult),,PAHO,2020,0.5051
HepB (adult),Upper Middle Income,V3P,2020,4.665793771
HepB (adult),High Income & Super HICs,V3P,2020,12.637979969
HepB (adult),USA,CDC,2020,42.332766667
HepB (adult),,UNICEF SD,2019,0.3
HepB (adult),,PAHO,2019,0.2832
HepB (adult),China & Lower Middle Income,V3P,2019,0.755473893
HepB (adult),Upper Middle Income,V3P,2019,1.897728482
HepB (adult),High Income & Super HICs,V3P,2019,12.406827433
HepB (adult),USA,CDC,2019,43.483
HepB (adult),,UNICEF SD,2018,0.3
HepB (adult),,PAHO,2018,0.25395
HepB (adult),China & Lower Middle Income,V3P,2018,1.369141458
HepB (adult),Upper Middle Income,V3P,2018,3.221904909
HepB (adult),High Income & Super HICs,V3P,2018,12.985877899
HepB (adult),USA,CDC,2018,30.139130435
HepB (adult),,UNICEF SD,2017,0.3
HepB (adult),,PAHO,2017,0.25395
HepB (adult),China & Lower Middle Income,V3P,2017,0.96
HepB (adult),Upper Middle Income,V3P,2017,2.659169170
HepB (adult),High Income & Super HICs,V3P,2017,13.160476190
HepB (adult),USA,CDC,2017,26.623
HepB (adult),,PAHO,2016,0.288
HepB (adult),China & Lower Middle Income,V3P,2016,1.131713333
HepB (adult),Upper Middle Income,V3P,2016,2.15354895
HepB (adult),High Income & Super HICs,V3P,2016,11.958368828
HepB (adult),USA,CDC,2016,25.779305556
HepB (adult),,PAHO,2015,0.326666667
HepB (adult),China & Lower Middle Income,V3P,2015,
HepB (adult),Upper Middle Income,V3P,2015,
HepB (adult),High Income & Super HICs,V3P,2015,
HepB (adult),USA,CDC,2015,25.482777778
HepB (adult),,PAHO,2014,0.33035
HepB (adult),Upper Middle Income,V3P,2014,
HepB (adult),High Income & Super HICs,V3P,2014,
HepB (adult),USA,CDC,2014,25.764
HepB (adult),,PAHO,2013,0.3351
HepB (adult),Upper Middle Income,V3P,2013,
HepB (adult),High Income & Super HICs,V3P,2013,
HepB (adult),USA,CDC,2013,25.131377778
HepB (adult),USA,CDC,2012,25.589555556
Hexa,,PAHO,2021,21.12
Hexa,USA,CDC,2021,91.59
Hexa,,PAHO,2020,21.12
Hexa,Upper Middle Income,V3P,2020,32.880658143
Hexa,High Income & Super HICs,V3P,2020,44.969552922
Hexa,,PAHO,2019,21.12
Hexa,Upper Middle Income,V3P,2019,21.948983822
Hexa,High Income & Super HICs,V3P,2019,36.265553405
Hexa,,PAHO,2018,20.6
Hexa,Upper Middle Income,V3P,2018,34.206212443
Hexa,High Income & Super HICs,V3P,2018,40.006038891
Hexa,,PAHO,2017,19.8
Hexa,Upper Middle Income,V3P,2017,32.813333333
Hexa,High Income & Super HICs,V3P,2017,44.745006944
Hexa,,PAHO,2016,19
Hexa,Upper Middle Income,V3P,2016,29.36973275
Hexa,High Income & Super HICs,V3P,2016,42.102745437
Hexa,,PAHO,2015,18.65
Hexa,Upper Middle Income,V3P,2015,
Hexa,High Income & Super HICs,V3P,2015,
Hexa,Upper Middle Income,V3P,2014,
Hexa,High Income & Super HICs,V3P,2014,
Hexa,Upper Middle Income,V3P,2013,
Hexa,High Income & Super HICs,V3P,2013,
Hib,,PAHO,2021,2.15
Hib,USA,CDC,2021,11.038333333
Hib,,PAHO,2020,2.15
Hib,Upper Middle Income,V3P,2020,3.591690709
Hib,High Income & Super HICs,V3P,2020,16.686024220
Hib,USA,CDC,2020,10.843777778
Hib,,PAHO,2019,2.05
Hib,Upper Middle Income,V3P,2019,4.148270883
Hib,High Income & Super HICs,V3P,2019,10.982349157
Hib,USA,CDC,2019,10.702666667
Hib,,PAHO,2018,2.05
Hib,Upper Middle Income,V3P,2018,5.940885357
Hib,High Income & Super HICs,V3P,2018,10.480485497
Hib,USA,CDC,2018,10.641212121
Hib,,PAHO,2017,2.05
Hib,Upper Middle Income,V3P,2017,6.9175
Hib,High Income & Super HICs,V3P,2017,9.515456403
Hib,USA,CDC,2017,10.554074074
Hib,,PAHO,2016,2.05
Hib,Upper Middle Income,V3P,2016,6.7085975
Hib,High Income & Super HICs,V3P,2016,8.849007674
Hib,USA,CDC,2016,10.576
Hib,,PAHO,2015,1.95
Hib,Upper Middle Income,V3P,2015,
Hib,High Income & Super HICs,V3P,2015,
Hib,USA,CDC,2015,10.88
Hib,,PAHO,2014,1.7
Hib,Upper Middle Income,V3P,2014,
Hib,High Income & Super HICs,V3P,2014,
Hib,USA,CDC,2014,10.818333333
Hib,,PAHO,2013,1.95
Hib,Upper Middle Income,V3P,2013,
Hib,High Income & Super HICs,V3P,2013,
Hib,USA,CDC,2013,10.717222222
Hib,USA,CDC,2012,10.306521739
HPV,,UNICEF SD,2021,4.5
HPV,USA,CDC,2021,192.182222222
HPV,,UNICEF SD,2020,4.5
HPV,,PAHO,2020,9.98
HPV,Upper Middle Income,V3P,2020,38.528175680
HPV,High Income & Super HICs,V3P,2020,67.117057976
HPV,USA,CDC,2020,184.053333333
HPV,,UNICEF SD,2019,4.5
HPV,Upper Middle Income,V3P,2019,11.385398934
HPV,High Income & Super HICs,V3P,2019,56.681989159
HPV,USA,CDC,2019,174.375
HPV,,UNICEF SD,2018,4.5
HPV,,PAHO,2018,9.04
HPV,Upper Middle Income,V3P,2018,27.927104324
HPV,High Income & Super HICs,V3P,2018,56.298641857
HPV,USA,CDC,2018,163.11
HPV,,UNICEF SD,2017,4.5
HPV,,PAHO,2017,9.15
HPV,Upper Middle Income,V3P,2017,40.126075604
HPV,High Income & Super HICs,V3P,2017,52.417188941
HPV,USA,CDC,2017,137.721666667
HPV,,UNICEF SD,2016,4.5
HPV,,PAHO,2016,8.5
HPV,Upper Middle Income,V3P,2016,31.732293
HPV,High Income & Super HICs,V3P,2016,58.299765485
HPV,USA,CDC,2016,131.265833333
HPV,,UNICEF SD,2015,4.5
HPV,,PAHO,2015,8.5
HPV,Upper Middle Income,V3P,2015,
HPV,High Income & Super HICs,V3P,2015,
HPV,USA,CDC,2015,117.98875
HPV,,UNICEF SD,2014,4.5
HPV,Upper Middle Income,V3P,2014,
HPV,High Income & Super HICs,V3P,2014,
HPV,USA,CDC,2014,109.627666667
HPV,,UNICEF SD,2013,4.5
HPV,,PAHO,2013,13.435
HPV,Upper Middle Income,V3P,2013,
HPV,High Income & Super HICs,V3P,2013,
HPV,USA,CDC,2013,105.092333333
HPV,,PAHO,2012,13.865
HPV,USA,CDC,2012,100.9214
IPV,,UNICEF SD,2021,1.75
IPV,,PAHO,2021,3.1
IPV,USA,CDC,2021,13.966666667
IPV,,UNICEF SD,2020,2.09
IPV,,PAHO,2020,3.1
IPV,China & Lower Middle Income,V3P,2020,4.358690546
IPV,Upper Middle Income,V3P,2020,4.339911938
IPV,High Income & Super HICs,V3P,2020,13.315856518
IPV,USA,CDC,2020,13.75
IPV,,UNICEF SD,2019,2.09
IPV,,PAHO,2019,4.3
IPV,China & Lower Middle Income,V3P,2019,4.051624672
IPV,Upper Middle Income,V3P,2019,4.096748003
IPV,High Income & Super HICs,V3P,2019,12.583002395
IPV,USA,CDC,2019,13.4875
IPV,,UNICEF SD,2018,0.925925926
IPV,,PAHO,2018,3.65
IPV,China & Lower Middle Income,V3P,2018,5.225761905
IPV,Upper Middle Income,V3P,2018,3.630722240
IPV,High Income & Super HICs,V3P,2018,11.808144156
IPV,USA,CDC,2018,13.229090909
IPV,,UNICEF SD,2017,0.845737483
IPV,,PAHO,2017,3.6
IPV,China & Lower Middle Income,V3P,2017,2.25
IPV,Upper Middle Income,V3P,2017,4.786032239
IPV,High Income & Super HICs,V3P,2017,10.454558572
IPV,USA,CDC,2017,12.897777778
IPV,,UNICEF SD,2016,0.829340214
IPV,,PAHO,2016,2.35
IPV,China & Lower Middle Income,V3P,2016,3.343020875
IPV,Upper Middle Income,V3P,2016,4.934109278
IPV,High Income & Super HICs,V3P,2016,10.400245788
IPV,USA,CDC,2016,12.696666667
IPV,,UNICEF SD,2015,0.825247574
IPV,,PAHO,2015,2.35
IPV,China & Lower Middle Income,V3P,2015,
IPV,Upper Middle Income,V3P,2015,
IPV,High Income & Super HICs,V3P,2015,
IPV,USA,CDC,2015,12.54
IPV,,UNICEF SD,2014,0.980850070
IPV,,PAHO,2014,2.8
IPV,China & Lower Middle Income,V3P,2014,
IPV,Upper Middle Income,V3P,2014,
IPV,High Income & Super HICs,V3P,2014,
IPV,USA,CDC,2014,12.446666667
IPV,,UNICEF SD,2013,3.3
IPV,,PAHO,2013,3.52
IPV,Upper Middle Income,V3P,2013,
IPV,High Income & Super HICs,V3P,2013,
IPV,USA,CDC,2013,12.38
IPV,,UNICEF SD,2012,3.3
IPV,,PAHO,2012,5.9848
IPV,USA,CDC,2012,12.159
JE live attenuated,,UNICEF SD,2021,0.447
JE live attenuated,,UNICEF SD,2020,0.447
JE live attenuated,China & Lower Middle Income,V3P,2020,
JE live attenuated,High Income & Super HICs,V3P,2020,
JE live attenuated,,UNICEF SD,2019,0.447
JE live attenuated,Upper Middle Income,V3P,2019,
JE live attenuated,High Income & Super HICs,V3P,2019,23.547234640
JE live attenuated,,UNICEF SD,2018,0.41
JE live attenuated,Upper Middle Income,V3P,2018,7.147355045
JE live attenuated,,UNICEF SD,2017,0.41
JE live attenuated,High Income & Super HICs,V3P,2017,18.765
JE live attenuated,,UNICEF SD,2016,0.41
JE live attenuated,Upper Middle Income,V3P,2016,7.335838
JE live attenuated,High Income & Super HICs,V3P,2016,18.4609785
JE live attenuated,,UNICEF SD,2015,0.41
JE live attenuated,Upper Middle Income,V3P,2015,
JE live attenuated,High Income & Super HICs,V3P,2015,
JE live attenuated,,UNICEF SD,2014,0.2687
JE live attenuated,High Income & Super HICs,V3P,2014,
Measles,,UNICEF SD,2021,0.25
Measles,,UNICEF SD,2020,0.237
Measles,Upper Middle Income,V3P,2020,0.572423159
Measles,High Income & Super HICs,V3P,2020,
Measles,,UNICEF SD,2019,0.237
Measles,Upper Middle Income,V3P,2019,1.620203581
Measles,High Income & Super HICs,V3P,2019,5.473896545
Measles,,UNICEF SD,2018,0.237
Measles,Upper Middle Income,V3P,2018,0.503715199
Measles,,UNICEF SD,2017,0.237
Measles,Upper Middle Income,V3P,2017,0.737
Measles,High Income & Super HICs,V3P,2017,
Measles,,UNICEF SD,2016,0.23
Measles,Upper Middle Income,V3P,2016,0.959741778
Measles,High Income & Super HICs,V3P,2016,0.350988
Measles,,UNICEF SD,2015,0.225
Measles,Upper Middle Income,V3P,2015,
Measles,High Income & Super HICs,V3P,2015,
Measles,,UNICEF SD,2014,0.219
Measles,Upper Middle Income,V3P,2014,
Measles,High Income & Super HICs,V3P,2014,
Measles,,UNICEF SD,2013,0.215
Measles,Upper Middle Income,V3P,2013,
Measles,High Income & Super HICs,V3P,2013,
Measles,,UNICEF SD,2012,0.193
MenA,,UNICEF SD,2021,0.587
MenA,,UNICEF SD,2020,0.599
MenA,,UNICEF SD,2019,0.542
MenA,,UNICEF SD,2018,0.524
MenA,,UNICEF SD,2017,0.507
MenA,,UNICEF SD,2016,0.49
MenA,,UNICEF SD,2015,0.621
MenA,,UNICEF SD,2014,0.6
MenA,,UNICEF SD,2013,0.528
MenA,,UNICEF SD,2012,0.525
MenACW-135 Ps,,UNICEF SD,2021,2.81
MenACW-135 Ps,,UNICEF SD,2020,2.81
MenACW-135 Ps,,UNICEF SD,2019,2.81
MenACW-135 Ps,,UNICEF SD,2018,2.86
MenACW-135 Ps,,UNICEF SD,2017,2.458276951
MenACW-135 Ps,,UNICEF SD,2014,2.5
MenACW-135 Ps,,UNICEF SD,2012,1.26
MenACYW-135,,PAHO,2021,20.3
MenACYW-135,USA,CDC,2021,98.541652174
MenACYW-135,,PAHO,2020,20.3
MenACYW-135,China & Lower Middle Income,V3P,2020,
MenACYW-135,Upper Middle Income,V3P,2020,17.366077379
MenACYW-135,High Income & Super HICs,V3P,2020,35.170310920
MenACYW-135,USA,CDC,2020,92.249
MenACYW-135,,PAHO,2019,20.3
MenACYW-135,China & Lower Middle Income,V3P,2019,3.170479434
MenACYW-135,Upper Middle Income,V3P,2019,14.770324081
MenACYW-135,High Income & Super HICs,V3P,2019,27.973160134
MenACYW-135,USA,CDC,2019,87.785
MenACYW-135,,PAHO,2018,20.3
MenACYW-135,China & Lower Middle Income,V3P,2018,8.817823009
MenACYW-135,Upper Middle Income,V3P,2018,15.480683904
MenACYW-135,High Income & Super HICs,V3P,2018,30.730934711
MenACYW-135,USA,CDC,2018,85.49
MenACYW-135,,PAHO,2017,20.3
MenACYW-135,China & Lower Middle Income,V3P,2017,6.545
MenACYW-135,Upper Middle Income,V3P,2017,17.887673909
MenACYW-135,High Income & Super HICs,V3P,2017,30.371443974
MenACYW-135,USA,CDC,2017,79.322166667
MenACYW-135,,PAHO,2016,20.3
MenACYW-135,China & Lower Middle Income,V3P,2016,5.3413935
MenACYW-135,Upper Middle Income,V3P,2016,12.778305222
MenACYW-135,High Income & Super HICs,V3P,2016,35.562884306
MenACYW-135,USA,CDC,2016,82.945277778
MenACYW-135,,PAHO,2015,26
MenACYW-135,China & Lower Middle Income,V3P,2015,
MenACYW-135,Upper Middle Income,V3P,2015,
MenACYW-135,High Income & Super HICs,V3P,2015,
MenACYW-135,USA,CDC,2015,83.834444444
MenACYW-135,China & Lower Middle Income,V3P,2014,
MenACYW-135,Upper Middle Income,V3P,2014,
MenACYW-135,High Income & Super HICs,V3P,2014,
MenACYW-135,USA,CDC,2014,82.192222222
MenACYW-135,China & Lower Middle Income,V3P,2013,
MenACYW-135,High Income & Super HICs,V3P,2013,
MenACYW-135,USA,CDC,2013,82.391111111
MenACYW-135,USA,CDC,2012,81.484285714
MenB,USA,CDC,2021,121.170555556
MenB,High Income & Super HICs,V3P,2020,82.590733484
MenB,USA,CDC,2020,114.446666667
MenB,High Income & Super HICs,V3P,2019,72.396635223
MenB,USA,CDC,2019,111.606111111
MenB,High Income & Super HICs,V3P,2018,100.323033803
MenB,USA,CDC,2018,108.848484848
MenB,High Income & Super HICs,V3P,2017,82.824317288
MenB,USA,CDC,2017,101.182
MenB,High Income & Super HICs,V3P,2016,87.80456375
MenB,USA,CDC,2016,106.641851852
MenB,High Income & Super HICs,V3P,2015,
MenB,USA,CDC,2015,113.883333333
MenB,High Income & Super HICs,V3P,2014,
MenC,,UNICEF SD,2021,9.12
MenC,,UNICEF SD,2020,9.12
MenC,High Income & Super HICs,V3P,2020,24.251201527
MenC,,UNICEF SD,2019,9.12
MenC,High Income & Super HICs,V3P,2019,20.789558623
MenC,,UNICEF SD,2018,9.12
MenC,High Income & Super HICs,V3P,2018,22.830442218
MenC,High Income & Super HICs,V3P,2017,19.745164595
MenC,High Income & Super HICs,V3P,2016,23.193905110
MenC,High Income & Super HICs,V3P,2015,
MenC,High Income & Super HICs,V3P,2014,
MenC,High Income & Super HICs,V3P,2013,
MenC,,PAHO,2012,19.5
MMR,,UNICEF SD,2021,1.41
MMR,,PAHO,2021,3.296666667
MMR,USA,CDC,2021,21.931333333
MMR,,UNICEF SD,2020,1.284
MMR,,PAHO,2020,3.622
MMR,China & Lower Middle Income,V3P,2020,3.197599339
MMR,Upper Middle Income,V3P,2020,5.606774893
MMR,High Income & Super HICs,V3P,2020,9.377548999
MMR,USA,CDC,2020,21.545333333
MMR,,UNICEF SD,2019,1.284
MMR,,PAHO,2019,3.256666667
MMR,China & Lower Middle Income,V3P,2019,2.117211597
MMR,Upper Middle Income,V3P,2019,4.102467975
MMR,High Income & Super HICs,V3P,2019,9.616080189
MMR,USA,CDC,2019,21.1775
MMR,,UNICEF SD,2018,1.243
MMR,,PAHO,2018,3.256666667
MMR,China & Lower Middle Income,V3P,2018,1.986319951
MMR,Upper Middle Income,V3P,2018,4.838686857
MMR,High Income & Super HICs,V3P,2018,9.289601133
MMR,USA,CDC,2018,20.924545455
MMR,,UNICEF SD,2017,1.13
MMR,,PAHO,2017,3.5725
MMR,China & Lower Middle Income,V3P,2017,1.26
MMR,Upper Middle Income,V3P,2017,5.717278523
MMR,High Income & Super HICs,V3P,2017,8.539378756
MMR,USA,CDC,2017,20.376666667
MMR,,UNICEF SD,2016,1.13
MMR,,PAHO,2016,3.172
MMR,China & Lower Middle Income,V3P,2016,1.959831
MMR,Upper Middle Income,V3P,2016,4.118829308
MMR,High Income & Super HICs,V3P,2016,8.282728234
MMR,USA,CDC,2016,20.075
MMR,,UNICEF SD,2015,1.077
MMR,,PAHO,2015,3.31
MMR,China & Lower Middle Income,V3P,2015,
MMR,Upper Middle Income,V3P,2015,
MMR,High Income & Super HICs,V3P,2015,
MMR,USA,CDC,2015,19.903333333
MMR,,UNICEF SD,2014,1.025
MMR,,PAHO,2014,2.533
MMR,Upper Middle Income,V3P,2014,
MMR,High Income & Super HICs,V3P,2014,
MMR,USA,CDC,2014,19.859666667
MMR,,UNICEF SD,2013,0.976
MMR,,PAHO,2013,2.7232
MMR,China & Lower Middle Income,V3P,2013,
MMR,Upper Middle Income,V3P,2013,
MMR,High Income & Super HICs,V3P,2013,
MMR,USA,CDC,2013,19.663666667
MMR,,UNICEF SD,2012,0.9
MMR,,PAHO,2012,1.78
MMR,China & Lower Middle Income,V3P,2012,
MMR,USA,CDC,2012,19.2277
MMRV,USA,CDC,2021,141.465444444
MMRV,USA,CDC,2020,135.477333333
MMRV,USA,CDC,2019,129.8275
MMRV,USA,CDC,2018,123.367272727
MMRV,High Income & Super HICs,V3P,2017,20.983333333
MMRV,USA,CDC,2017,116.733333333
MMRV,High Income & Super HICs,V3P,2016,34.197005667
MMRV,USA,CDC,2016,113.376666667
MMRV,High Income & Super HICs,V3P,2015,
MMRV,USA,CDC,2015,107.06
MMRV,High Income & Super HICs,V3P,2014,
MMRV,USA,CDC,2014,100.479
MMRV,USA,CDC,2013,94.384333333
MMRV,USA,CDC,2012,91.82
MR,,UNICEF SD,2021,0.721
MR,,PAHO,2021,2.48
MR,,UNICEF SD,2020,0.58
MR,,PAHO,2020,1.568
MR,China & Lower Middle Income,V3P,2020,1.483065679
MR,Upper Middle Income,V3P,2020,6.874207022
MR,High Income & Super HICs,V3P,2020,6.1
MR,,UNICEF SD,2019,0.656
MR,,PAHO,2019,1.568
MR,China & Lower Middle Income,V3P,2019,0.955666007
MR,Upper Middle Income,V3P,2019,1.137558152
MR,,UNICEF SD,2018,0.636
MR,,PAHO,2018,1.433
MR,China & Lower Middle Income,V3P,2018,1.034121994
MR,Upper Middle Income,V3P,2018,2.172708339
MR,,UNICEF SD,2017,0.606
MR,,PAHO,2017,1.428
MR,China & Lower Middle Income,V3P,2017,1.093333333
MR,Upper Middle Income,V3P,2017,2.055741085
MR,,UNICEF SD,2016,0.606
MR,,PAHO,2016,1.428
MR,China & Lower Middle Income,V3P,2016,0.774818875
MR,Upper Middle Income,V3P,2016,1.828512667
MR,,UNICEF SD,2015,0.578
MR,,PAHO,2015,1.214
MR,China & Lower Middle Income,V3P,2015,
MR,Upper Middle Income,V3P,2015,
MR,,UNICEF SD,2014,0.55
MR,,PAHO,2014,1.175
MR,China & Lower Middle Income,V3P,2014,
MR,Upper Middle Income,V3P,2014,
MR,,UNICEF SD,2013,0.524
MR,,PAHO,2013,1.112
MR,,UNICEF SD,2012,0.499
MR,,PAHO,2012,1.08
OCV,,UNICEF SD,2021,1.35
OCV,,PAHO,2021,1.7
OCV,,UNICEF SD,2020,1.32
OCV,,PAHO,2020,1.7
OCV,High Income & Super HICs,V3P,2020,22.374336114
OCV,,UNICEF SD,2019,1.29
OCV,,PAHO,2019,1.7
OCV,,UNICEF SD,2018,1.25
OCV,,PAHO,2018,1.85
OCV,,UNICEF SD,2017,1.3
OCV,,PAHO,2017,1.85
OCV,,UNICEF SD,2016,1.7
OCV,,PAHO,2016,1.85
OCV,,PAHO,2015,1.85
OCV,,PAHO,2014,1.85
PCV,,UNICEF SD,2021,2.9
PCV,,PAHO,2021,14.5
PCV,USA,CDC,2021,147.714444444
PCV,,UNICEF SD,2020,2.9
PCV,,PAHO,2020,13.675
PCV,China & Lower Middle Income,V3P,2020,16.220932263
PCV,Upper Middle Income,V3P,2020,24.675125946
PCV,High Income & Super HICs,V3P,2020,45.109648925
PCV,USA,CDC,2020,141.55
PCV,,UNICEF SD,2019,2.9
PCV,,PAHO,2019,13.675
PCV,China & Lower Middle Income,V3P,2019,14.205635987
PCV,Upper Middle Income,V3P,2019,23.083194440
PCV,High Income & Super HICs,V3P,2019,44.070533004
PCV,USA,CDC,2019,135.7
PCV,,UNICEF SD,2018,2.95
PCV,,PAHO,2018,13.675
PCV,China & Lower Middle Income,V3P,2018,17.522324314
PCV,Upper Middle Income,V3P,2018,28.669819412
PCV,High Income & Super HICs,V3P,2018,50.237670303
PCV,USA,CDC,2018,130.460909091
PCV,,UNICEF SD,2017,3.05
PCV,,PAHO,2017,13.675
PCV,China & Lower Middle Income,V3P,2017,16.833333333
PCV,Upper Middle Income,V3P,2017,32.638836782
PCV,High Income & Super HICs,V3P,2017,45.087734235
PCV,USA,CDC,2017,124.045555556
PCV,,UNICEF SD,2016,4.63
PCV,,PAHO,2016,14.5
PCV,China & Lower Middle Income,V3P,2016,14.99881375
PCV,Upper Middle Income,V3P,2016,24.92910175
PCV,High Income & Super HICs,V3P,2016,44.173133333
PCV,USA,CDC,2016,119.81
PCV,,UNICEF SD,2015,4.63
PCV,,PAHO,2015,14.9
PCV,China & Lower Middle Income,V3P,2015,
PCV,Upper Middle Income,V3P,2015,
PCV,High Income & Super HICs,V3P,2015,
PCV,USA,CDC,2015,115.7925
PCV,,UNICEF SD,2014,4.63
PCV,,PAHO,2014,14.9
PCV,China & Lower Middle Income,V3P,2014,
PCV,Upper Middle Income,V3P,2014,
PCV,High Income & Super HICs,V3P,2014,
PCV,USA,CDC,2014,110.666666667
PCV,,UNICEF SD,2013,4.63
PCV,,PAHO,2013,14.98
PCV,China & Lower Middle Income,V3P,2013,
PCV,Upper Middle Income,V3P,2013,
PCV,High Income & Super HICs,V3P,2013,
PCV,USA,CDC,2013,105.988888889
PCV,,UNICEF SD,2012,7
PCV,,PAHO,2012,15.64
PCV,USA,CDC,2012,100.584
PCV7,Upper Middle Income,V3P,2020,
Penta,,UNICEF SD,2021,0.75
Penta,,PAHO,2021,1.0276
Penta,,UNICEF SD,2020,0.675
Penta,,PAHO,2020,1.0083
Penta,China & Lower Middle Income,V3P,2020,1.295749497
Penta,Upper Middle Income,V3P,2020,1.306272727
Penta,High Income & Super HICs,V3P,2020,3.922675193
Penta,,UNICEF SD,2019,0.69
Penta,,PAHO,2019,1.0905
Penta,China & Lower Middle Income,V3P,2019,0.973841268
Penta,Upper Middle Income,V3P,2019,1.491071574
Penta,High Income & Super HICs,V3P,2019,4.449911678
Penta,,UNICEF SD,2018,0.65
Penta,,PAHO,2018,1.083
Penta,China & Lower Middle Income,V3P,2018,1.700772126
Penta,Upper Middle Income,V3P,2018,1.301702698
Penta,High Income & Super HICs,V3P,2018,4.760153628
Penta,,UNICEF SD,2017,0.68
Penta,,PAHO,2017,1.064
Penta,China & Lower Middle Income,V3P,2017,1.7
Penta,Upper Middle Income,V3P,2017,1.681333333
Penta,High Income & Super HICs,V3P,2017,3.184
Penta,,UNICEF SD,2016,1.15
Penta,,PAHO,2016,2.1
Penta,China & Lower Middle Income,V3P,2016,1.511396667
Penta,Upper Middle Income,V3P,2016,2.053914462
Penta,High Income & Super HICs,V3P,2016,3.3296202
Penta,,UNICEF SD,2015,1.19
Penta,,PAHO,2015,2.1325
Penta,China & Lower Middle Income,V3P,2015,
Penta,Upper Middle Income,V3P,2015,
Penta,,UNICEF SD,2014,1.19
Penta,,PAHO,2014,2.408366667
Penta,China & Lower Middle Income,V3P,2014,
Penta,Upper Middle Income,V3P,2014,
Penta,,UNICEF SD,2013,1.19
Penta,,PAHO,2013,2.5233
Penta,,UNICEF SD,2012,1.6
Penta,,PAHO,2012,2.9337
Penta,China & Lower Middle Income,V3P,2012,
PPSV,,PAHO,2021,8.63
PPSV,USA,CDC,2021,60.764444444
PPSV,,PAHO,2020,8.63
PPSV,China & Lower Middle Income,V3P,2020,
PPSV,Upper Middle Income,V3P,2020,
PPSV,High Income & Super HICs,V3P,2020,42.989167286
PPSV,USA,CDC,2020,58.18
PPSV,,PAHO,2019,8.3
PPSV,Upper Middle Income,V3P,2019,
PPSV,High Income & Super HICs,V3P,2019,25.317205308
PPSV,USA,CDC,2019,55.5025
PPSV,,PAHO,2018,7.98
PPSV,Upper Middle Income,V3P,2018,12.760089152
PPSV,High Income & Super HICs,V3P,2018,20.452956401
PPSV,USA,CDC,2018,52.496153846
PPSV,,PAHO,2017,6.81
PPSV,Upper Middle Income,V3P,2017,
PPSV,High Income & Super HICs,V3P,2017,17.447837444
PPSV,USA,CDC,2017,42.008
PPSV,,PAHO,2016,7.535
PPSV,Upper Middle Income,V3P,2016,26.267267667
PPSV,High Income & Super HICs,V3P,2016,16.093855824
PPSV,USA,CDC,2016,45.996666667
PPSV,,PAHO,2015,7.31
PPSV,Upper Middle Income,V3P,2015,
PPSV,High Income & Super HICs,V3P,2015,
PPSV,USA,CDC,2015,43.15
PPSV,,PAHO,2014,6.93
PPSV,High Income & Super HICs,V3P,2014,
PPSV,USA,CDC,2014,40.83
PPSV,,PAHO,2013,6.55
PPSV,High Income & Super HICs,V3P,2013,
PPSV,USA,CDC,2013,39.172222222
PPSV,,PAHO,2012,6.525
PPSV,USA,CDC,2012,36.955
Rabies,,UNICEF SD,2021,9
Rabies,,PAHO,2021,10.4415
Rabies,,UNICEF SD,2020,8
Rabies,,PAHO,2020,9.9298
Rabies,Upper Middle Income,V3P,2020,32.912962735
Rabies,High Income & Super HICs,V3P,2020,41.656897303
Rabies,,UNICEF SD,2019,7.5
Rabies,,PAHO,2019,11
Rabies,China & Lower Middle Income,V3P,2019,
Rabies,Upper Middle Income,V3P,2019,10.548406916
Rabies,High Income & Super HICs,V3P,2019,30.832776536
Rabies,,PAHO,2018,12.8
Rabies,China & Lower Middle Income,V3P,2018,12.360607831
Rabies,Upper Middle Income,V3P,2018,30.858081303
Rabies,High Income & Super HICs,V3P,2018,26.994410391
Rabies,,PAHO,2017,12.2
Rabies,China & Lower Middle Income,V3P,2017,2.96
Rabies,Upper Middle Income,V3P,2017,16.075412165
Rabies,High Income & Super HICs,V3P,2017,30.119291433
Rabies,,UNICEF SD,2016,8
Rabies,,PAHO,2016,11.65
Rabies,Upper Middle Income,V3P,2016,10.373046714
Rabies,High Income & Super HICs,V3P,2016,29.180050246
Rabies,,UNICEF SD,2015,8
Rabies,,PAHO,2015,10.75
Rabies,Upper Middle Income,V3P,2015,
Rabies,High Income & Super HICs,V3P,2015,
Rabies,,UNICEF SD,2014,8
Rabies,,PAHO,2014,10.8
Rabies,Upper Middle Income,V3P,2014,
Rabies,High Income & Super HICs,V3P,2014,
Rabies,,PAHO,2013,10.55
Rabies,,PAHO,2012,10.533333333
Rota,,UNICEF SD,2021,0.85
Rota,USA,CDC,2021,81.836555556
Rota,,UNICEF SD,2020,0.85
Rota,,PAHO,2020,6.5
Rota,USA,CDC,2020,79.800666667
Rota,,UNICEF SD,2019,0.85
Rota,,PAHO,2019,6.5
Rota,USA,CDC,2019,78.403333333
Rota,,UNICEF SD,2018,2.22
Rota,,PAHO,2018,6.5
Rota,USA,CDC,2018,77.530606061
Rota,,UNICEF SD,2017,2.35
Rota,,PAHO,2017,6.5
Rota,USA,CDC,2017,75.013703704
Rota,,UNICEF SD,2016,2.35
Rota,,PAHO,2016,6.5
Rota,USA,CDC,2016,72.867222222
Rota,,UNICEF SD,2015,2.35
Rota,,PAHO,2015,6.5
Rota,USA,CDC,2015,70.986666667
Rota,,UNICEF SD,2014,2.35
Rota,,PAHO,2014,6.5
Rota,USA,CDC,2014,73.281962963
Rota,,UNICEF SD,2013,2.35
Rota,,PAHO,2013,5.825
Rota,USA,CDC,2013,72.913296296
Rota,,UNICEF SD,2012,2.35
Rota,,PAHO,2012,6.065
Rota,USA,CDC,2012,70.829
Seasonal Influenza,,PAHO,2021,1.435
Seasonal Influenza,USA,CDC,2021,14.891724138
Seasonal Influenza,,PAHO,2020,1.26
Seasonal Influenza,Upper Middle Income,V3P,2020,7.271237482
Seasonal Influenza,High Income & Super HICs,V3P,2020,6.824722696
Seasonal Influenza,USA,CDC,2020,14.269883495
Seasonal Influenza,,PAHO,2019,1.21
Seasonal Influenza,Upper Middle Income,V3P,2019,4.580250595
Seasonal Influenza,High Income & Super HICs,V3P,2019,9.507119482
Seasonal Influenza,USA,CDC,2019,14.281048544
Seasonal Influenza,,PAHO,2018,1.656666667
Seasonal Influenza,Upper Middle Income,V3P,2018,3.972116486
Seasonal Influenza,High Income & Super HICs,V3P,2018,6.883004378
Seasonal Influenza,USA,CDC,2018,14.432396694
Seasonal Influenza,,PAHO,2017,1.51875
Seasonal Influenza,Upper Middle Income,V3P,2017,4.15
Seasonal Influenza,High Income & Super HICs,V3P,2017,6.94625
Seasonal Influenza,USA,CDC,2017,14.129862069
Seasonal Influenza,,PAHO,2016,1.575
Seasonal Influenza,Upper Middle Income,V3P,2016,3.306195333
Seasonal Influenza,High Income & Super HICs,V3P,2016,6.4024872
Seasonal Influenza,USA,CDC,2016,12.972451613
Seasonal Influenza,,PAHO,2015,1.7375
Seasonal Influenza,High Income & Super HICs,V3P,2015,
Seasonal Influenza,USA,CDC,2015,11.565438017
Seasonal Influenza,,PAHO,2014,1.66
Seasonal Influenza,High Income & Super HICs,V3P,2014,
Seasonal Influenza,USA,CDC,2014,11.453612903
Seasonal Influenza,,PAHO,2013,1.55
Seasonal Influenza,High Income & Super HICs,V3P,2013,
Seasonal Influenza,USA,CDC,2013,10.518638889
Seasonal Influenza,,PAHO,2012,1.85
Seasonal Influenza,USA,CDC,2012,10.43733
Shingles,USA,CDC,2021,100.5555
Shingles,High Income & Super HICs,V3P,2020,114.995001787
Shingles,USA,CDC,2020,102.085333333
Shingles,USA,CDC,2019,102.399
Shingles,USA,CDC,2018,110.909090909
Shingles,USA,CDC,2017,133.416222222
Shingles,USA,CDC,2016,117.12
Shingles,USA,CDC,2015,116.834444444
Shingles,USA,CDC,2014,115.204
Shingles,USA,CDC,2013,114.442666667
Shingles,USA,CDC,2012,115.419333333
TCV,,UNICEF SD,2021,1.5
TCV,,UNICEF SD,2020,1.5
TCV,,UNICEF SD,2019,1.5
TCV,,UNICEF SD,2018,1.5
Td,,UNICEF SD,2021,0.0875
Td,,PAHO,2021,0.099
Td,USA,CDC,2021,19.823777778
Td,,UNICEF SD,2020,0.0875
Td,,PAHO,2020,0.0984
Td,China & Lower Middle Income,V3P,2020,0.157671634
Td,Upper Middle Income,V3P,2020,0.628211801
Td,High Income & Super HICs,V3P,2020,8.711582528
Td,USA,CDC,2020,19.405222222
Td,,UNICEF SD,2019,0.085
Td,,PAHO,2019,0.0963
Td,China & Lower Middle Income,V3P,2019,0.169472179
Td,Upper Middle Income,V3P,2019,0.295981444
Td,High Income & Super HICs,V3P,2019,7.409902839
Td,USA,CDC,2019,18.695833333
Td,,UNICEF SD,2018,0.099
Td,,PAHO,2018,0.0935
Td,China & Lower Middle Income,V3P,2018,0.206157151
Td,Upper Middle Income,V3P,2018,1.956821171
Td,High Income & Super HICs,V3P,2018,6.243180189
Td,USA,CDC,2018,17.475606061
Td,,UNICEF SD,2017,0.099
Td,,PAHO,2017,0.1103
Td,China & Lower Middle Income,V3P,2017,0.367142857
Td,Upper Middle Income,V3P,2017,0.549535380
Td,High Income & Super HICs,V3P,2017,6.876666667
Td,USA,CDC,2017,16.9462
Td,,UNICEF SD,2016,0.099
Td,,PAHO,2016,0.1103
Td,China & Lower Middle Income,V3P,2016,0.51550225
Td,Upper Middle Income,V3P,2016,0.684395235
Td,High Income & Super HICs,V3P,2016,6.453530860
Td,USA,CDC,2016,19.211052632
Td,,UNICEF SD,2015,0.105
Td,,PAHO,2015,0.111666667
Td,Upper Middle Income,V3P,2015,
Td,High Income & Super HICs,V3P,2015,
Td,USA,CDC,2015,18.443333333
Td,,UNICEF SD,2014,0.1
Td,,PAHO,2014,0.1005
Td,China & Lower Middle Income,V3P,2014,
Td,Upper Middle Income,V3P,2014,
Td,High Income & Super HICs,V3P,2014,
Td,USA,CDC,2014,17.65
Td,,UNICEF SD,2013,0.1
Td,,PAHO,2013,0.1005
Td,Upper Middle Income,V3P,2013,
Td,High Income & Super HICs,V3P,2013,
Td,USA,CDC,2013,17.3203
Td,,UNICEF SD,2012,0.094
Td,,PAHO,2012,0.085
Td,USA,CDC,2012,16.295225806
Td-IPV,Upper Middle Income,V3P,2020,
Td-IPV,High Income & Super HICs,V3P,2020,14.128614715
Td-IPV,Upper Middle Income,V3P,2019,
Td-IPV,High Income & Super HICs,V3P,2019,15.975831359
Td-IPV,High Income & Super HICs,V3P,2018,14.843811170
Td-IPV,High Income & Super HICs,V3P,2017,12.641707440
Td-IPV,High Income & Super HICs,V3P,2016,12.488262667
Td-IPV,High Income & Super HICs,V3P,2015,
Td-IPV,High Income & Super HICs,V3P,2014,
Tdap,,PAHO,2021,12.7724
Tdap,USA,CDC,2021,33.290611111
Tdap,,PAHO,2020,12.9378
Tdap,Upper Middle Income,V3P,2020,19.511689734
Tdap,High Income & Super HICs,V3P,2020,19.509627174
Tdap,USA,CDC,2020,32.589666667
Tdap,,PAHO,2019,12.718
Tdap,Upper Middle Income,V3P,2019,17.413770613
Tdap,High Income & Super HICs,V3P,2019,17.864080770
Tdap,USA,CDC,2019,31.77875
Tdap,,PAHO,2018,11.4653
Tdap,Upper Middle Income,V3P,2018,19.770066175
Tdap,High Income & Super HICs,V3P,2018,17.122399889
Tdap,USA,CDC,2018,31.17
Tdap,,PAHO,2017,11.3943
Tdap,Upper Middle Income,V3P,2017,20.132734477
Tdap,High Income & Super HICs,V3P,2017,17.218948326
Tdap,USA,CDC,2017,31.296666667
Tdap,,PAHO,2016,10.9278
Tdap,Upper Middle Income,V3P,2016,
Tdap,High Income & Super HICs,V3P,2016,15.697817083
Tdap,USA,CDC,2016,31.410833333
Tdap,High Income & Super HICs,V3P,2015,
Tdap,USA,CDC,2015,30.4975
Tdap,High Income & Super HICs,V3P,2014,
Tdap,USA,CDC,2014,30.467222222
Tdap,Upper Middle Income,V3P,2013,
Tdap,High Income & Super HICs,V3P,2013,
Tdap,USA,CDC,2013,30.460909091
Tdap,,PAHO,2012,8.5
Tdap,USA,CDC,2012,30.164
Tdap-IPV,Upper Middle Income,V3P,2020,
Tdap-IPV,High Income & Super HICs,V3P,2020,25.271390915
Tdap-IPV,High Income & Super HICs,V3P,2019,22.974246704
Tdap-IPV,High Income & Super HICs,V3P,2018,25.033273321
Tdap-IPV,High Income & Super HICs,V3P,2017,24.133333333
Tdap-IPV,High Income & Super HICs,V3P,2016,23.7944995
Tdap-IPV,High Income & Super HICs,V3P,2015,
Tdap-IPV,High Income & Super HICs,V3P,2014,
Tdap-IPV,High Income & Super HICs,V3P,2013,
TT,Upper Middle Income,V3P,2020,0.741921247
TT,High Income & Super HICs,V3P,2020,5.350437319
TT,,UNICEF SD,2019,0.066
TT,China & Lower Middle Income,V3P,2019,
TT,Upper Middle Income,V3P,2019,0.859374807
TT,High Income & Super HICs,V3P,2019,3.763229988
TT,,UNICEF SD,2018,0.0531
TT,China & Lower Middle Income,V3P,2018,0.232372000
TT,Upper Middle Income,V3P,2018,1.446869800
TT,High Income & Super HICs,V3P,2018,2.640400905
TT,,UNICEF SD,2017,0.0531
TT,China & Lower Middle Income,V3P,2017,0.20125
TT,Upper Middle Income,V3P,2017,0.580744157
TT,High Income & Super HICs,V3P,2017,3.198389214
TT,,UNICEF SD,2016,0.0531
TT,China & Lower Middle Income,V3P,2016,0.379346
TT,Upper Middle Income,V3P,2016,0.840214273
TT,High Income & Super HICs,V3P,2016,3.670246429
TT,,UNICEF SD,2015,0.05
TT,China & Lower Middle Income,V3P,2015,
TT,Upper Middle Income,V3P,2015,
TT,High Income & Super HICs,V3P,2015,
TT,,UNICEF SD,2014,0.05
TT,China & Lower Middle Income,V3P,2014,
TT,Upper Middle Income,V3P,2014,
TT,High Income & Super HICs,V3P,2014,
TT,,UNICEF SD,2013,0.05
TT,Upper Middle Income,V3P,2013,
TT,High Income & Super HICs,V3P,2013,
TT,,UNICEF SD,2012,0.0295
TT,China & Lower Middle Income,V3P,2012,
Typhoid Ps,,PAHO,2021,10
Typhoid Ps,,PAHO,2020,10
Typhoid Ps,Upper Middle Income,V3P,2020,6.522469301
Typhoid Ps,High Income & Super HICs,V3P,2020,14.219694897
Typhoid Ps,,PAHO,2019,10
Typhoid Ps,Upper Middle Income,V3P,2019,6.936333908
Typhoid Ps,High Income & Super HICs,V3P,2019,11.970522061
Typhoid Ps,,PAHO,2018,9
Typhoid Ps,Upper Middle Income,V3P,2018,11.285959291
Typhoid Ps,High Income & Super HICs,V3P,2018,13.145826341
Typhoid Ps,,PAHO,2017,9
Typhoid Ps,Upper Middle Income,V3P,2017,8.283333333
Typhoid Ps,High Income & Super HICs,V3P,2017,13.359895551
Typhoid Ps,,PAHO,2016,8.9
Typhoid Ps,Upper Middle Income,V3P,2016,4.557522667
Typhoid Ps,High Income & Super HICs,V3P,2016,14.561545889
Typhoid Ps,,PAHO,2015,8.9
Typhoid Ps,Upper Middle Income,V3P,2015,
Typhoid Ps,High Income & Super HICs,V3P,2015,
Typhoid Ps,,PAHO,2014,8.2
Typhoid Ps,Upper Middle Income,V3P,2014,
Typhoid Ps,High Income & Super HICs,V3P,2014,
Typhoid Ps,Upper Middle Income,V3P,2013,
Typhoid Ps,High Income & Super HICs,V3P,2013,
Typhoid Ps,,PAHO,2012,7.8
Varicella,,PAHO,2021,15.365
Varicella,USA,CDC,2021,112.876666667
Varicella,,PAHO,2020,15.85
Varicella,High Income & Super HICs,V3P,2020,33.885285526
Varicella,USA,CDC,2020,107.536666667
Varicella,,PAHO,2019,16.5894
Varicella,Upper Middle Income,V3P,2019,19.810521913
Varicella,High Income & Super HICs,V3P,2019,24.353960266
Varicella,USA,CDC,2019,102.6275
Varicella,,PAHO,2018,14.459
Varicella,Upper Middle Income,V3P,2018,22.733069672
Varicella,High Income & Super HICs,V3P,2018,35.200646053
Varicella,USA,CDC,2018,95.13725
Varicella,,PAHO,2017,14.8502
Varicella,Upper Middle Income,V3P,2017,27.770001949
Varicella,High Income & Super HICs,V3P,2017,35.265381085
Varicella,USA,CDC,2017,84.968333333
Varicella,,PAHO,2016,14.8502
Varicella,Upper Middle Income,V3P,2016,19.194652333
Varicella,High Income & Super HICs,V3P,2016,43.133034462
Varicella,USA,CDC,2016,86.357222222
Varicella,,PAHO,2015,15.8
Varicella,Upper Middle Income,V3P,2015,
Varicella,High Income & Super HICs,V3P,2015,
Varicella,USA,CDC,2015,81.96
Varicella,,PAHO,2014,12.9
Varicella,Upper Middle Income,V3P,2014,
Varicella,High Income & Super HICs,V3P,2014,
Varicella,USA,CDC,2014,77.346666667
Varicella,,PAHO,2013,9.9
Varicella,Upper Middle Income,V3P,2013,
Varicella,High Income & Super HICs,V3P,2013,
Varicella,USA,CDC,2013,74.722222222
Varicella,,PAHO,2012,8.3
Varicella,USA,CDC,2012,71.6632
YF,,UNICEF SD,2021,0.97
YF,,PAHO,2021,1.355
YF,,UNICEF SD,2020,0.8885
YF,,PAHO,2020,1.355
YF,Upper Middle Income,V3P,2020,13.406908411
YF,High Income & Super HICs,V3P,2020,36.593987685
YF,,UNICEF SD,2019,0.889
YF,,PAHO,2019,1.43
YF,Upper Middle Income,V3P,2019,14.216723666
YF,High Income & Super HICs,V3P,2019,25.459789553
YF,,UNICEF SD,2018,0.97
YF,,PAHO,2018,1.355
YF,Upper Middle Income,V3P,2018,12.558181651
YF,High Income & Super HICs,V3P,2018,26.471548834
YF,,UNICEF SD,2017,0.846
YF,,PAHO,2017,1.1747
YF,Upper Middle Income,V3P,2017,10.709297562
YF,High Income & Super HICs,V3P,2017,35.7675
YF,,UNICEF SD,2016,0.769
YF,,PAHO,2016,1.1132
YF,Upper Middle Income,V3P,2016,13.2894505
YF,High Income & Super HICs,V3P,2016,25.351754686
YF,,UNICEF SD,2015,0.769
YF,,PAHO,2015,1.167
YF,Upper Middle Income,V3P,2015,
YF,High Income & Super HICs,V3P,2015,
YF,,UNICEF SD,2014,0.699
YF,,PAHO,2014,1.125
YF,Upper Middle Income,V3P,2014,
YF,High Income & Super HICs,V3P,2014,
YF,,UNICEF SD,2013,0.7
YF,,PAHO,2013,0.975
YF,High Income & Super HICs,V3P,2013,
YF,,UNICEF SD,2012,0.66
YF,,PAHO,2012,1.09
