Vaccine ,Company ,Brand Name,Vial Size,Presentation ,Year,% Difference in Avg. Price Color,Avg. Price
DTaP,GSK,Infanrix,1-dose,Syringe,2021,2.844644069%,$19.54
DTaP,GSK,Infanrix,1-dose,Vial,2020,0.646900270%,$18.67
DTaP,GSK,Infanrix,1-dose,Syringe,2020,2.418688230%,$19.00
DTaP,GSK,Infanrix,1-dose,Vial,2019,2.687333300%,$18.55
DTaP,GSK,Infanrix,1-dose,Syringe,2019,2.687333300%,$18.55
DTaP,GSK,Infanrix,1-dose,Vial,2018,4.185138796%,$18.06
DTaP,GSK,Infanrix,1-dose,Syringe,2018,4.185138796%,$18.06
DTaP,GSK,Infanrix,1-dose,Vial,2017,3.618857902%,$17.34
DTaP,GSK,Infanrix,1-dose,Syringe,2017,3.618857902%,$17.34
DTaP,GSK,Infanrix,1-dose,Vial,2016,4.452767374%,$16.73
DTaP,GSK,Infanrix,1-dose,Syringe,2016,4.452767374%,$16.73
DTaP,GSK,Infanrix,1-dose,Vial,2015,1.356766257%,$16.02
DTaP,GSK,Infanrix,1-dose,Syringe,2015,1.356766257%,$16.02
DTaP,GSK,Infanrix,1-dose,Vial,2014,0.515828151%,$15.81
DTaP,GSK,Infanrix,1-dose,Syringe,2014,0.515828151%,$15.81
DTaP,GSK,Infanrix,1-dose,Vial,2013,,$15.72
DTaP,GSK,Infanrix,1-dose,Syringe,2013,,$15.72
DTaP,Sanofi,Daptacel,1-dose,Vial,2021,2.843089269%,$18.91
DTaP,Sanofi,Daptacel,1-dose,Vial,2020,2.405450436%,$18.39
DTaP,Sanofi,Daptacel,1-dose,Vial,2019,2.678961323%,$17.96
DTaP,Sanofi,Daptacel,1-dose,Vial,2018,3.054907377%,$17.49
DTaP,Sanofi,Daptacel,1-dose,Vial,2017,2.129936135%,$16.97
DTaP,Sanofi,Daptacel,1-dose,Vial,2016,5.025284450%,$16.61
DTaP,Sanofi,Daptacel,1-dose,Vial,2015,2.860858257%,$15.82
DTaP,Sanofi,Daptacel,1-dose,Vial,2014,0.552084847%,$15.38
DTaP,Sanofi,Daptacel,1-dose,Vial,2013,,$15.30
DTaP-HepB-Hib-IPV,Merck,Vaxelis,1-dose,Vial,2021,,$91.59
DTaP-HepB-Hib-IPV,Merck,Vaxelis,1-dose,Syringe,2021,,$91.59
DTaP-HepB-Hib-IPV,Merck,Vaxelis,1-dose,Vial,2020,,
DTaP-HepB-Hib-IPV,Merck,Vaxelis,1-dose,Syringe,2020,,
DTaP-HepB-Hib-IPV,Merck,Vaxelis,1-dose,Vial,2019,,
DTaP-HepB-Hib-IPV,Merck,Vaxelis,1-dose,Syringe,2019,,
DTaP-HepB-Hib-IPV,Merck,Vaxelis,1-dose,Vial,2018,,
DTaP-HepB-Hib-IPV,Merck,Vaxelis,1-dose,Syringe,2018,,
DTaP-HepB-Hib-IPV,Merck,Vaxelis,1-dose,Vial,2017,,
DTaP-HepB-Hib-IPV,Merck,Vaxelis,1-dose,Syringe,2017,,
DTaP-HepB-Hib-IPV,Merck,Vaxelis,1-dose,Vial,2016,,
DTaP-HepB-Hib-IPV,Merck,Vaxelis,1-dose,Syringe,2016,,
DTaP-HepB-Hib-IPV,Merck,Vaxelis,1-dose,Vial,2015,,
DTaP-HepB-Hib-IPV,Merck,Vaxelis,1-dose,Syringe,2015,,
DTaP-HepB-Hib-IPV,Merck,Vaxelis,1-dose,Vial,2014,,
DTaP-HepB-Hib-IPV,Merck,Vaxelis,1-dose,Syringe,2014,,
DTaP-HepB-Hib-IPV,Merck,Vaxelis,1-dose,Vial,2013,,
DTaP-HepB-Hib-IPV,Merck,Vaxelis,1-dose,Syringe,2013,,
DTaP-HepB-IPV,GSK,Pediarix,1-dose,Syringe,2021,2.565921197%,$61.70
DTaP-HepB-IPV,GSK,Pediarix,1-dose,Syringe,2020,2.340932290%,$60.16
DTaP-HepB-IPV,GSK,Pediarix,1-dose,Syringe,2019,2.137271937%,$58.78
DTaP-HepB-IPV,GSK,Pediarix,1-dose,Syringe,2018,3.228699552%,$57.55
DTaP-HepB-IPV,GSK,Pediarix,1-dose,Syringe,2017,1.869898891%,$55.75
DTaP-HepB-IPV,GSK,Pediarix,1-dose,Syringe,2016,1.609110038%,$54.73
DTaP-HepB-IPV,GSK,Pediarix,1-dose,Syringe,2015,0.798502807%,$53.86
DTaP-HepB-IPV,GSK,Pediarix,1-dose,Syringe,2014,1.829500699%,$53.43
DTaP-HepB-IPV,GSK,Pediarix,1-dose,Syringe,2013,,$52.47
DTaP-Hib-IPV,Sanofi,Pentacel,1-dose,Vial,2021,2.801767387%,$62.61
DTaP-Hib-IPV,Sanofi,Pentacel,1-dose,Vial,2020,2.970464420%,$60.91
DTaP-Hib-IPV,Sanofi,Pentacel,1-dose,Vial,2019,2.164546348%,$59.15
DTaP-Hib-IPV,Sanofi,Pentacel,1-dose,Vial,2018,1.903342975%,$57.90
DTaP-Hib-IPV,Sanofi,Pentacel,1-dose,Vial,2017,0.577307015%,$56.81
DTaP-Hib-IPV,Sanofi,Pentacel,1-dose,Vial,2016,5.133693157%,$56.49
DTaP-Hib-IPV,Sanofi,Pentacel,1-dose,Vial,2015,0.192690204%,$53.73
DTaP-Hib-IPV,Sanofi,Pentacel,1-dose,Vial,2014,-3.691583190%,$53.63
DTaP-Hib-IPV,Sanofi,Pentacel,1-dose,Vial,2013,,$55.68
DTaP-IPV,GSK,Kinrix,1-dose,Vial,2021,0.910257629%,$42.46
DTaP-IPV,GSK,Kinrix,1-dose,Syringe,2021,2.473566351%,$43.12
DTaP-IPV,GSK,Kinrix,1-dose,Vial,2020,1.854272573%,$42.08
DTaP-IPV,GSK,Kinrix,1-dose,Syringe,2020,2.549354131%,$42.08
DTaP-IPV,GSK,Kinrix,1-dose,Vial,2019,3.032872749%,$41.31
DTaP-IPV,GSK,Kinrix,1-dose,Syringe,2019,2.312243556%,$41.03
DTaP-IPV,GSK,Kinrix,1-dose,Vial,2018,1.324235532%,$40.09
DTaP-IPV,GSK,Kinrix,1-dose,Syringe,2018,1.346290808%,$40.10
DTaP-IPV,GSK,Kinrix,1-dose,Vial,2017,0.452718426%,$39.57
DTaP-IPV,GSK,Kinrix,1-dose,Syringe,2017,0.452718426%,$39.57
DTaP-IPV,GSK,Kinrix,1-dose,Vial,2016,2.316017316%,$39.39
DTaP-IPV,GSK,Kinrix,1-dose,Syringe,2016,2.316017316%,$39.39
DTaP-IPV,GSK,Kinrix,1-dose,Vial,2015,1.200385525%,$38.50
DTaP-IPV,GSK,Kinrix,1-dose,Syringe,2015,1.200385525%,$38.50
DTaP-IPV,GSK,Kinrix,1-dose,Vial,2014,3.469221238%,$38.04
DTaP-IPV,GSK,Kinrix,1-dose,Syringe,2014,3.469221238%,$38.04
DTaP-IPV,GSK,Kinrix,1-dose,Vial,2013,,$36.77
DTaP-IPV,GSK,Kinrix,1-dose,Syringe,2013,,$36.77
DTaP-IPV,Sanofi,Quadracel,1-dose,Vial,2021,2.995040010%,$42.66
DTaP-IPV,Sanofi,Quadracel,1-dose,Vial,2020,2.543979633%,$41.42
DTaP-IPV,Sanofi,Quadracel,1-dose,Vial,2019,2.079226687%,$40.39
DTaP-IPV,Sanofi,Quadracel,1-dose,Vial,2018,0%,$39.57
DTaP-IPV,Sanofi,Quadracel,1-dose,Vial,2017,,$39.57
DTaP-IPV,Sanofi,Quadracel,1-dose,Vial,2016,,
DTaP-IPV,Sanofi,Quadracel,1-dose,Vial,2015,,
DTaP-IPV,Sanofi,Quadracel,1-dose,Vial,2014,,
DTaP-IPV,Sanofi,Quadracel,1-dose,Vial,2013,,
HepA,GSK,Havrix,1-dose,Vial,2021,,
HepA,GSK,Havrix,1-dose,Syringe,2021,2.568025585%,$21.45
HepA,GSK,Havrix,1-dose,Vial,2020,,
HepA,GSK,Havrix,1-dose,Syringe,2020,3.107386410%,$20.92
HepA,GSK,Havrix,1-dose,Syringe,2019,4.915835998%,$20.29
HepA,GSK,Havrix,1-dose,Vial,2018,5.342399223%,$19.28
HepA,GSK,Havrix,1-dose,Syringe,2018,5.640425626%,$19.33
HepA,GSK,Havrix,1-dose,Vial,2017,3.441346395%,$18.30
HepA,GSK,Havrix,1-dose,Syringe,2017,3.441346395%,$18.30
HepA,GSK,Havrix,1-dose,Vial,2016,5.800279051%,$17.69
HepA,GSK,Havrix,1-dose,Syringe,2016,5.800279051%,$17.69
HepA,GSK,Havrix,1-dose,Vial,2015,4.673482161%,$16.72
HepA,GSK,Havrix,1-dose,Syringe,2015,4.673482161%,$16.72
HepA,GSK,Havrix,1-dose,Vial,2014,3.453485862%,$15.98
HepA,GSK,Havrix,1-dose,Syringe,2014,3.453485862%,$15.98
HepA,GSK,Havrix,1-dose,Vial,2013,,$15.44
HepA,GSK,Havrix,1-dose,Syringe,2013,,$15.44
HepA,Merck,Vaqta,1-dose,Vial,2021,,
HepA,Merck,Vaqta,1-dose,Syringe,2021,3.723171266%,$21.05
HepA,Merck,Vaqta,1-dose,Syringe,2020,3.709382054%,$20.29
HepA,Merck,Vaqta,1-dose,Vial,2019,0.769340362%,$19.29
HepA,Merck,Vaqta,1-dose,Syringe,2019,1.438569207%,$19.57
HepA,Merck,Vaqta,1-dose,Vial,2018,3.368659900%,$19.14
HepA,Merck,Vaqta,1-dose,Syringe,2018,5.814591333%,$19.29
HepA,Merck,Vaqta,1-dose,Vial,2017,2.361430984%,$18.52
HepA,Merck,Vaqta,1-dose,Syringe,2017,0.764624597%,$18.23
HepA,Merck,Vaqta,1-dose,Vial,2016,6.484206396%,$18.09
HepA,Merck,Vaqta,1-dose,Syringe,2016,6.484206396%,$18.09
HepA,Merck,Vaqta,1-dose,Vial,2015,7.102332423%,$16.99
HepA,Merck,Vaqta,1-dose,Syringe,2015,5.440628879%,$16.99
HepA,Merck,Vaqta,1-dose,Vial,2014,4.785321101%,$15.86
HepA,Merck,Vaqta,1-dose,Syringe,2014,1.412587413%,$16.11
HepA,Merck,Vaqta,1-dose,Vial,2013,,$15.14
HepA,Merck,Vaqta,1-dose,Syringe,2013,,$15.89
HepA (adult),GSK,Havrix,1-dose,Vial,2021,,
HepA (adult),GSK,Havrix,1-dose,Syringe,2021,7.673708896%,$34.54
HepA (adult),GSK,Havrix,1-dose,Vial,2020,,
HepA (adult),GSK,Havrix,1-dose,Syringe,2020,8.663346771%,$32.08
HepA (adult),GSK,Havrix,1-dose,Syringe,2019,5.603291271%,$29.52
HepA (adult),GSK,Havrix,1-dose,Vial,2018,1.380767073e-14%,$25.73
HepA (adult),GSK,Havrix,1-dose,Syringe,2018,0.985286390%,$27.95
HepA (adult),GSK,Havrix,1-dose,Vial,2017,-2.761534146e-14%,$25.73
HepA (adult),GSK,Havrix,1-dose,Syringe,2017,0%,$27.68
HepA (adult),GSK,Havrix,1-dose,Vial,2016,2.761534146e-14%,$25.73
HepA (adult),GSK,Havrix,1-dose,Syringe,2016,4.073192129%,$27.68
HepA (adult),GSK,Havrix,1-dose,Vial,2015,1.927901756%,$25.73
HepA (adult),GSK,Havrix,1-dose,Syringe,2015,5.361151459%,$26.60
HepA (adult),GSK,Havrix,1-dose,Vial,2014,9.252224092%,$25.24
HepA (adult),GSK,Havrix,1-dose,Syringe,2014,9.252224092%,$25.24
HepA (adult),GSK,Havrix,1-dose,Vial,2013,,$23.11
HepA (adult),GSK,Havrix,1-dose,Syringe,2013,,$23.11
HepA (adult),Merck,Vaqta,1-dose,Vial,2021,4.454522336%,$32.86
HepA (adult),Merck,Vaqta,1-dose,Syringe,2021,9.258003447%,$34.37
HepA (adult),Merck,Vaqta,1-dose,Vial,2020,6.993624381%,$31.46
HepA (adult),Merck,Vaqta,1-dose,Syringe,2020,3.491392486%,$31.46
HepA (adult),Merck,Vaqta,1-dose,Vial,2019,5.408899065%,$29.40
HepA (adult),Merck,Vaqta,1-dose,Syringe,2019,1.793450134%,$30.40
HepA (adult),Merck,Vaqta,1-dose,Vial,2018,3.706666366%,$27.89
HepA (adult),Merck,Vaqta,1-dose,Syringe,2018,3.519129357%,$29.86
HepA (adult),Merck,Vaqta,1-dose,Vial,2017,4.534266097%,$26.90
HepA (adult),Merck,Vaqta,1-dose,Syringe,2017,7.583291895%,$28.85
HepA (adult),Merck,Vaqta,1-dose,Vial,2016,2.761534146e-14%,$25.73
HepA (adult),Merck,Vaqta,1-dose,Syringe,2016,4.210389947%,$26.81
HepA (adult),Merck,Vaqta,1-dose,Vial,2015,10.413388643%,$25.73
HepA (adult),Merck,Vaqta,1-dose,Syringe,2015,5.812200137%,$25.73
HepA (adult),Merck,Vaqta,1-dose,Vial,2014,3.677888180%,$23.30
HepA (adult),Merck,Vaqta,1-dose,Syringe,2014,0.256539466%,$24.32
HepA (adult),Merck,Vaqta,1-dose,Vial,2013,,$22.48
HepA (adult),Merck,Vaqta,1-dose,Syringe,2013,,$24.25
HepA+B,GSK,Twinrix,1-dose,Vial,2021,,
HepA+B,GSK,Twinrix,1-dose,Syringe,2021,3.226433535%,$64.31
HepA+B,GSK,Twinrix,1-dose,Vial,2020,,
HepA+B,GSK,Twinrix,1-dose,Syringe,2020,3.987203561%,$62.30
HepA+B,GSK,Twinrix,1-dose,Vial,2019,,
HepA+B,GSK,Twinrix,1-dose,Syringe,2019,2.982654895%,$59.91
HepA+B,GSK,Twinrix,1-dose,Vial,2018,,
HepA+B,GSK,Twinrix,1-dose,Syringe,2018,3.426262626%,$58.18
HepA+B,GSK,Twinrix,1-dose,Syringe,2017,2.212602213%,$56.25
HepA+B,GSK,Twinrix,1-dose,Vial,2016,2.129896133%,$54.41
HepA+B,GSK,Twinrix,1-dose,Syringe,2016,3.301876376%,$55.03
HepA+B,GSK,Twinrix,1-dose,Vial,2015,3.023270805%,$53.27
HepA+B,GSK,Twinrix,1-dose,Syringe,2015,3.903365060%,$53.27
HepA+B,GSK,Twinrix,1-dose,Vial,2014,2.558508528%,$51.71
HepA+B,GSK,Twinrix,1-dose,Syringe,2014,1.689805633%,$51.27
HepA+B,GSK,Twinrix,1-dose,Vial,2013,,$50.42
HepA+B,GSK,Twinrix,1-dose,Syringe,2013,,$50.42
HepA+B (adult),GSK,Twinrix,1-dose,Vial,2021,,
HepA+B (adult),GSK,Twinrix,1-dose,Syringe,2021,1.560153108%,$62.88
HepA+B (adult),GSK,Twinrix,1-dose,Vial,2020,,
HepA+B (adult),GSK,Twinrix,1-dose,Syringe,2020,4.397309009%,$61.92
HepA+B (adult),GSK,Twinrix,1-dose,Vial,2019,,
HepA+B (adult),GSK,Twinrix,1-dose,Syringe,2019,5.361595607%,$59.31
HepA+B (adult),GSK,Twinrix,1-dose,Vial,2018,,
HepA+B (adult),GSK,Twinrix,1-dose,Syringe,2018,2.210826336%,$56.29
HepA+B (adult),GSK,Twinrix,1-dose,Syringe,2017,1.089084679%,$55.07
HepA+B (adult),GSK,Twinrix,1-dose,Vial,2016,2.924944812%,$53.88
HepA+B (adult),GSK,Twinrix,1-dose,Syringe,2016,2.991093934%,$54.48
HepA+B (adult),GSK,Twinrix,1-dose,Vial,2015,4.458302153%,$52.35
HepA+B (adult),GSK,Twinrix,1-dose,Syringe,2015,4.406943211%,$52.90
HepA+B (adult),GSK,Twinrix,1-dose,Vial,2014,5.426756148%,$50.11
HepA+B (adult),GSK,Twinrix,1-dose,Syringe,2014,6.098046196%,$50.67
HepA+B (adult),GSK,Twinrix,1-dose,Vial,2013,,$47.53
HepA+B (adult),GSK,Twinrix,1-dose,Syringe,2013,,$47.75
HepB,GSK,Engerix-B,1-dose,Vial,2021,,
HepB,GSK,Engerix-B,1-dose,Syringe,2021,-1.734408587%,$15.54
HepB,GSK,Engerix-B,1-dose,Vial,2020,,
HepB,GSK,Engerix-B,1-dose,Syringe,2020,1.897961740%,$15.82
HepB,GSK,Engerix-B,1-dose,Vial,2019,,
HepB,GSK,Engerix-B,1-dose,Syringe,2019,14.488064905%,$15.52
HepB,GSK,Engerix-B,1-dose,Syringe,2018,13.089561041%,$13.56
HepB,GSK,Engerix-B,1-dose,Vial,2017,0.752750434%,$11.60
HepB,GSK,Engerix-B,1-dose,Syringe,2017,4.130476742%,$11.99
HepB,GSK,Engerix-B,1-dose,Vial,2016,3.910950662%,$11.51
HepB,GSK,Engerix-B,1-dose,Syringe,2016,3.910950662%,$11.51
HepB,GSK,Engerix-B,1-dose,Vial,2015,0.453309157%,$11.08
HepB,GSK,Engerix-B,1-dose,Syringe,2015,0.453309157%,$11.08
HepB,GSK,Engerix-B,1-dose,Vial,2014,1.326936817%,$11.03
HepB,GSK,Engerix-B,1-dose,Syringe,2014,1.326936817%,$11.03
HepB,GSK,Engerix-B,1-dose,Vial,2013,,$10.89
HepB,GSK,Engerix-B,1-dose,Syringe,2013,,$10.89
HepB,Merck,Recombivax HB,1-dose,Vial,2021,2.712348323%,$12.79
HepB,Merck,Recombivax HB,1-dose,Vial,2020,1.246612466%,$12.45
HepB,Merck,Recombivax HB,1-dose,Syringe,2020,2.888385105e-14%,$12.30
HepB,Merck,Recombivax HB,1-dose,Vial,2019,0%,$12.30
HepB,Merck,Recombivax HB,1-dose,Syringe,2019,-1.444192552e-14%,$12.30
HepB,Merck,Recombivax HB,1-dose,Vial,2018,0%,$12.30
HepB,Merck,Recombivax HB,1-dose,Syringe,2018,0%,$12.30
HepB,Merck,Recombivax HB,1-dose,Vial,2017,0.750853242%,$12.30
HepB,Merck,Recombivax HB,1-dose,Syringe,2017,0.750853242%,$12.30
HepB,Merck,Recombivax HB,1-dose,Vial,2016,6.159420290%,$12.21
HepB,Merck,Recombivax HB,1-dose,Syringe,2016,3.900709220%,$12.21
HepB,Merck,Recombivax HB,1-dose,Vial,2015,4.545454545%,$11.50
HepB,Merck,Recombivax HB,1-dose,Syringe,2015,0%,$11.75
HepB,Merck,Recombivax HB,1-dose,Vial,2014,0.507614213%,$11.00
HepB,Merck,Recombivax HB,1-dose,Syringe,2014,0.475059382%,$11.75
HepB,Merck,Recombivax HB,1-dose,Vial,2013,,$10.94
HepB,Merck,Recombivax HB,1-dose,Syringe,2013,,$11.69
HepB (adult),Dynavax,Heplisav-B,1-dose,Syringe,2021,4.290755116%,$73.89
HepB (adult),Dynavax,Heplisav-B,1-dose,Syringe,2020,1.577060932%,$70.85
HepB (adult),Dynavax,Heplisav-B,1-dose,Syringe,2019,0%,$69.75
HepB (adult),Dynavax,Heplisav-B,1-dose,Syringe,2018,,$69.75
HepB (adult),Dynavax,Heplisav-B,1-dose,Syringe,2017,,
HepB (adult),Dynavax,Heplisav-B,1-dose,Syringe,2016,,
HepB (adult),Dynavax,Heplisav-B,1-dose,Syringe,2015,,
HepB (adult),Dynavax,Heplisav-B,1-dose,Syringe,2014,,
HepB (adult),Dynavax,Heplisav-B,1-dose,Syringe,2013,,
HepB (adult),GSK,Engerix-B,1-dose,Vial,2021,-0.604801668%,$29.45
HepB (adult),GSK,Engerix-B,1-dose,Syringe,2021,-8.386641922%,$29.45
HepB (adult),GSK,Engerix-B,1-dose,Vial,2020,3.843226122%,$29.63
HepB (adult),GSK,Engerix-B,1-dose,Syringe,2020,-0.037828734%,$32.15
HepB (adult),GSK,Engerix-B,1-dose,Vial,2019,7.089758461%,$28.54
HepB (adult),GSK,Engerix-B,1-dose,Syringe,2019,7.101232101%,$32.16
HepB (adult),GSK,Engerix-B,1-dose,Vial,2018,4.185870170%,$26.65
HepB (adult),GSK,Engerix-B,1-dose,Syringe,2018,4.174375578%,$30.03
HepB (adult),GSK,Engerix-B,1-dose,Vial,2017,3.090151821%,$25.58
HepB (adult),GSK,Engerix-B,1-dose,Syringe,2017,2.274608744%,$28.83
HepB (adult),GSK,Engerix-B,1-dose,Vial,2016,2.131454970%,$24.81
HepB (adult),GSK,Engerix-B,1-dose,Syringe,2016,1.642825660%,$28.19
HepB (adult),GSK,Engerix-B,1-dose,Vial,2015,-2.323191708%,$24.29
HepB (adult),GSK,Engerix-B,1-dose,Syringe,2015,1.911062110%,$27.73
HepB (adult),GSK,Engerix-B,1-dose,Vial,2014,0.883400189%,$24.87
HepB (adult),GSK,Engerix-B,1-dose,Syringe,2014,2.571727749%,$27.21
HepB (adult),GSK,Engerix-B,1-dose,Vial,2013,,$24.65
HepB (adult),GSK,Engerix-B,1-dose,Syringe,2013,,$26.53
HepB (adult),Merck,Recombivax HB,1-dose,Vial,2021,-1.397220938e-14%,$25.43
HepB (adult),Merck,Recombivax HB,1-dose,Syringe,2021,,
HepB (adult),Merck,Recombivax HB,1-dose,Vial,2020,,$25.43
HepB (adult),Merck,Recombivax HB,1-dose,Syringe,2020,,
HepB (adult),Merck,Recombivax HB,1-dose,Vial,2019,,
HepB (adult),Merck,Recombivax HB,1-dose,Syringe,2019,,
HepB (adult),Merck,Recombivax HB,1-dose,Vial,2017,4.481976887e-14%,$23.78
HepB (adult),Merck,Recombivax HB,1-dose,Syringe,2017,5.270484024%,$27.73
HepB (adult),Merck,Recombivax HB,1-dose,Vial,2016,-7.642514996%,$23.78
HepB (adult),Merck,Recombivax HB,1-dose,Syringe,2016,9.025063233%,$26.34
HepB (adult),Merck,Recombivax HB,1-dose,Vial,2015,3.691234325%,$25.75
HepB (adult),Merck,Recombivax HB,1-dose,Syringe,2015,-9.734329597%,$24.16
HepB (adult),Merck,Recombivax HB,1-dose,Vial,2014,2.443170098%,$24.83
HepB (adult),Merck,Recombivax HB,1-dose,Syringe,2014,2.953117655%,$26.77
HepB (adult),Merck,Recombivax HB,1-dose,Vial,2013,,$24.24
HepB (adult),Merck,Recombivax HB,1-dose,Syringe,2013,,$26.00
HepB-Hib,Merck,Comvax,1-dose,Vial,2021,,
HepB-Hib,Merck,Comvax,1-dose,Vial,2020,,
HepB-Hib,Merck,Comvax,1-dose,Vial,2019,,
HepB-Hib,Merck,Comvax,1-dose,Vial,2018,,
HepB-Hib,Merck,Comvax,1-dose,Vial,2017,,
HepB-Hib,Merck,Comvax,1-dose,Vial,2016,,
HepB-Hib,Merck,Comvax,1-dose,Vial,2014,20.329378431%,$30.20
HepB-Hib,Merck,Comvax,1-dose,Vial,2013,,$25.10
Hib,GSK,Hiberix,1-dose,Vial,2021,0.945501527%,$9.55
Hib,GSK,Hiberix,1-dose,Vial,2020,-0.499605575%,$9.46
Hib,GSK,Hiberix,1-dose,Vial,2019,-0.944781209%,$9.51
Hib,GSK,Hiberix,1-dose,Vial,2018,1.460695752%,$9.60
Hib,GSK,Hiberix,1-dose,Vial,2017,0%,$9.46
Hib,GSK,Hiberix,1-dose,Vial,2016,,$9.46
Hib,GSK,Hiberix,1-dose,Vial,2015,,
Hib,GSK,Hiberix,1-dose,Vial,2014,,
Hib,GSK,Hiberix,1-dose,Vial,2013,,
Hib,Merck,PedvaxHIB,1-dose,Vial,2021,1.898702719%,$13.67
Hib,Merck,PedvaxHIB,1-dose,Vial,2020,1.765300961%,$13.41
Hib,Merck,PedvaxHIB,1-dose,Vial,2019,1.320847019%,$13.18
Hib,Merck,PedvaxHIB,1-dose,Vial,2018,2.813415617%,$13.01
Hib,Merck,PedvaxHIB,1-dose,Vial,2017,1.569886718%,$12.65
Hib,Merck,PedvaxHIB,1-dose,Vial,2016,0.945434900%,$12.46
Hib,Merck,PedvaxHIB,1-dose,Vial,2015,0.434074878%,$12.34
Hib,Merck,PedvaxHIB,1-dose,Vial,2014,1.263736264%,$12.29
Hib,Merck,PedvaxHIB,1-dose,Vial,2013,,$12.13
Hib,Sanofi,ActHIB,1-dose,Vial,2021,2.480213510%,$9.90
Hib,Sanofi,ActHIB,1-dose,Vial,2020,2.528174371%,$9.66
Hib,Sanofi,ActHIB,1-dose,Vial,2019,1.107912967%,$9.42
Hib,Sanofi,ActHIB,1-dose,Vial,2018,-2.436934793%,$9.32
Hib,Sanofi,ActHIB,1-dose,Vial,2017,0.131061599%,$9.55
Hib,Sanofi,ActHIB,1-dose,Vial,2016,1.247346072%,$9.54
Hib,Sanofi,ActHIB,1-dose,Vial,2015,0.748663102%,$9.42
Hib,Sanofi,ActHIB,1-dose,Vial,2014,0.525624179%,$9.35
Hib,Sanofi,ActHIB,1-dose,Vial,2013,,$9.30
Hib-MenC,GSK,MenHibrix,1-dose,Vial,2021,,
Hib-MenC,GSK,MenHibrix,1-dose,Vial,2020,,
Hib-MenC,GSK,MenHibrix,1-dose,Vial,2019,,
Hib-MenC,GSK,MenHibrix,1-dose,Vial,2017,0.725860905%,$10.53
Hib-MenC,GSK,MenHibrix,1-dose,Vial,2016,3.506115317%,$10.45
Hib-MenC,GSK,MenHibrix,1-dose,Vial,2015,0%,$10.10
Hib-MenC,GSK,MenHibrix,1-dose,Vial,2014,0%,$10.10
Hib-MenC,GSK,MenHibrix,1-dose,Vial,2013,,$10.10
HPV2,GSK,Cervarix,1-dose,Syringe,2021,,
HPV2,GSK,Cervarix,1-dose,Syringe,2020,,
HPV2,GSK,Cervarix,1-dose,Syringe,2019,,
HPV2,GSK,Cervarix,1-dose,Syringe,2018,,
HPV2,GSK,Cervarix,1-dose,Syringe,2016,1.288345477%,$107.97
HPV2,GSK,Cervarix,1-dose,Syringe,2015,3.642845568%,$106.60
HPV2,GSK,Cervarix,1-dose,Syringe,2014,3.066439523%,$102.85
HPV2,GSK,Cervarix,1-dose,Syringe,2013,,$99.79
HPV2 (adult),GSK,Cervarix,1-dose,Syringe,2021,,
HPV2 (adult),GSK,Cervarix,1-dose,Syringe,2020,,
HPV2 (adult),GSK,Cervarix,1-dose,Syringe,2019,,
HPV2 (adult),GSK,Cervarix,1-dose,Syringe,2018,,
HPV2 (adult),GSK,Cervarix,1-dose,Syringe,2016,-0.519492567%,$85.79
HPV2 (adult),GSK,Cervarix,1-dose,Syringe,2015,-1.371899692%,$86.24
HPV2 (adult),GSK,Cervarix,1-dose,Syringe,2014,4.981056564%,$87.44
HPV2 (adult),GSK,Cervarix,1-dose,Syringe,2013,,$83.29
HPV4,Merck,Gardasil,1-dose,Vial,2021,,
HPV4,Merck,Gardasil,1-dose,Vial,2020,,
HPV4,Merck,Gardasil,1-dose,Vial,2019,,
HPV4,Merck,Gardasil,1-dose,Vial,2018,,
HPV4,Merck,Gardasil,1-dose,Vial,2016,-4.212598425%,$113.54
HPV4,Merck,Gardasil,1-dose,Vial,2015,1.828094933%,$118.53
HPV4,Merck,Gardasil,1-dose,Vial,2014,5.444707474%,$116.41
HPV4,Merck,Gardasil,1-dose,Vial,2013,,$110.39
HPV4 (adult),Merck,Gardasil,1-dose,Vial,2021,,
HPV4 (adult),Merck,Gardasil,1-dose,Vial,2020,,
HPV4 (adult),Merck,Gardasil,1-dose,Vial,2019,,
HPV4 (adult),Merck,Gardasil,1-dose,Vial,2018,,
HPV4 (adult),Merck,Gardasil,1-dose,Vial,2016,0.991104235%,$92.84
HPV4 (adult),Merck,Gardasil,1-dose,Vial,2015,1.392902399%,$91.93
HPV4 (adult),Merck,Gardasil,1-dose,Vial,2014,0.293508160%,$90.67
HPV4 (adult),Merck,Gardasil,1-dose,Vial,2013,,$90.40
HPV9,Merck,Gardasil 9,1-dose,Vial,2021,,
HPV9,Merck,Gardasil 9,1-dose,Syringe,2021,4.416594224%,$192.18
HPV9,Merck,Gardasil 9,1-dose,Vial,2020,,
HPV9,Merck,Gardasil 9,1-dose,Syringe,2020,5.550298686%,$184.05
HPV9,Merck,Gardasil 9,1-dose,Syringe,2019,3.732897085%,$174.37
HPV9,Merck,Gardasil 9,1-dose,Vial,2018,16.622898842%,$160.61
HPV9,Merck,Gardasil 9,1-dose,Syringe,2018,,$168.10
HPV9,Merck,Gardasil 9,1-dose,Vial,2017,-0.275961945%,$137.72
HPV9,Merck,Gardasil 9,1-dose,Syringe,2017,,
HPV9,Merck,Gardasil 9,1-dose,Vial,2016,2.862191105%,$138.10
HPV9,Merck,Gardasil 9,1-dose,Syringe,2016,,
HPV9,Merck,Gardasil 9,1-dose,Vial,2015,,$134.26
HPV9,Merck,Gardasil 9,1-dose,Syringe,2015,,
HPV9,Merck,Gardasil 9,1-dose,Vial,2014,,
HPV9,Merck,Gardasil 9,1-dose,Syringe,2014,,
HPV9,Merck,Gardasil 9,1-dose,Vial,2013,,
HPV9,Merck,Gardasil 9,1-dose,Syringe,2013,,
HPV9 (adult),Merck,Gardasil 9,1-dose,Vial,2021,,
HPV9 (adult),Merck,Gardasil 9,1-dose,Syringe,2021,6.065362453%,$149.11
HPV9 (adult),Merck,Gardasil 9,1-dose,Vial,2020,,
HPV9 (adult),Merck,Gardasil 9,1-dose,Syringe,2020,-2.763474141%,$140.59
HPV9 (adult),Merck,Gardasil 9,1-dose,Syringe,2019,0.282642622%,$144.58
HPV9 (adult),Merck,Gardasil 9,1-dose,Vial,2018,2.576578902%,$119.21
HPV9 (adult),Merck,Gardasil 9,1-dose,Syringe,2018,,$144.18
HPV9 (adult),Merck,Gardasil 9,1-dose,Vial,2017,-2.368951613%,$116.22
HPV9 (adult),Merck,Gardasil 9,1-dose,Syringe,2017,,
HPV9 (adult),Merck,Gardasil 9,1-dose,Vial,2016,-2.137454785%,$119.04
HPV9 (adult),Merck,Gardasil 9,1-dose,Syringe,2016,,
HPV9 (adult),Merck,Gardasil 9,1-dose,Vial,2015,,$121.64
HPV9 (adult),Merck,Gardasil 9,1-dose,Syringe,2015,,
HPV9 (adult),Merck,Gardasil 9,1-dose,Vial,2014,,
HPV9 (adult),Merck,Gardasil 9,1-dose,Syringe,2014,,
HPV9 (adult),Merck,Gardasil 9,1-dose,Vial,2013,,
HPV9 (adult),Merck,Gardasil 9,1-dose,Syringe,2013,,
IPV,Sanofi,IPOL,10-dose,Vial,2021,1.575757576%,$13.97
IPV,Sanofi,IPOL,10-dose,Vial,2020,1.946246525%,$13.75
IPV,Sanofi,IPOL,10-dose,Vial,2019,1.953339747%,$13.49
IPV,Sanofi,IPOL,10-dose,Vial,2018,2.568761356%,$13.23
IPV,Sanofi,IPOL,10-dose,Vial,2017,1.583967796%,$12.90
IPV,Sanofi,IPOL,10-dose,Vial,2016,1.249335460%,$12.70
IPV,Sanofi,IPOL,10-dose,Vial,2015,0.749866095%,$12.54
IPV,Sanofi,IPOL,10-dose,Vial,2014,0.538502962%,$12.45
IPV,Sanofi,IPOL,10-dose,Vial,2013,,$12.38
MenACYW-135,GSK,Menveo,1-dose,Vial,2021,9.752846501%,$97.89
MenACYW-135,GSK,Menveo,1-dose,Vial,2020,8.073831738%,$89.19
MenACYW-135,GSK,Menveo,1-dose,Vial,2019,3.301017273%,$82.53
MenACYW-135,GSK,Menveo,1-dose,Vial,2018,9.383155112%,$79.89
MenACYW-135,GSK,Menveo,1-dose,Vial,2017,-5.673205240%,$73.04
MenACYW-135,GSK,Menveo,1-dose,Vial,2016,-7.884579797%,$77.43
MenACYW-135,GSK,Menveo,1-dose,Vial,2015,,$84.06
MenACYW-135,GSK,Menveo,1-dose,Vial,2014,,
MenACYW-135,GSK,Menveo,1-dose,Vial,2013,,
MenACYW-135,Novartis,Menveo,1-dose,Vial,2021,,
MenACYW-135,Novartis,Menveo,1-dose,Vial,2020,,
MenACYW-135,Novartis,Menveo,1-dose,Vial,2019,,
MenACYW-135,Novartis,Menveo,1-dose,Vial,2018,,
MenACYW-135,Novartis,Menveo,1-dose,Vial,2017,,
MenACYW-135,Novartis,Menveo,1-dose,Vial,2015,1.010832275%,$83.10
MenACYW-135,Novartis,Menveo,1-dose,Vial,2014,-0.481208667%,$82.26
MenACYW-135,Novartis,Menveo,1-dose,Vial,2013,,$82.66
MenACYW-135,Sanofi,MenQuadfi,1-dose,Vial,2021,,$100.05
MenACYW-135,Sanofi,MenQuadfi,1-dose,Vial,2020,,
MenACYW-135,Sanofi,MenQuadfi,1-dose,Vial,2019,,
MenACYW-135,Sanofi,MenQuadfi,1-dose,Vial,2018,,
MenACYW-135,Sanofi,MenQuadfi,1-dose,Vial,2017,,
MenACYW-135,Sanofi,MenQuadfi,1-dose,Vial,2016,,
MenACYW-135,Sanofi,MenQuadfi,1-dose,Vial,2015,,
MenACYW-135,Sanofi,MenQuadfi,1-dose,Vial,2014,,
MenACYW-135,Sanofi,MenQuadfi,1-dose,Vial,2013,,
MenACYW-135,Sanofi,Menactra,1-dose,Vial,2021,3.198630824%,$98.35
MenACYW-135,Sanofi,Menactra,1-dose,Vial,2020,2.434078533%,$95.30
MenACYW-135,Sanofi,Menactra,1-dose,Vial,2019,2.143798156%,$93.04
MenACYW-135,Sanofi,Menactra,1-dose,Vial,2018,6.404150140%,$91.09
MenACYW-135,Sanofi,Menactra,1-dose,Vial,2017,-3.225624117%,$85.61
MenACYW-135,Sanofi,Menactra,1-dose,Vial,2016,5.126766143%,$88.46
MenACYW-135,Sanofi,Menactra,1-dose,Vial,2015,2.465227039%,$84.14
MenACYW-135,Sanofi,Menactra,1-dose,Vial,2014,0%,$82.12
MenACYW-135,Sanofi,Menactra,1-dose,Vial,2013,,$82.12
MenACYW-135 (adult),GSK,Menveo,1-dose,Vial,2021,2.990608088%,$70.50
MenACYW-135 (adult),GSK,Menveo,1-dose,Vial,2020,2.527310127%,$68.45
MenACYW-135 (adult),GSK,Menveo,1-dose,Vial,2019,1.295706266%,$66.76
MenACYW-135 (adult),GSK,Menveo,1-dose,Vial,2018,-5.488212913%,$65.91
MenACYW-135 (adult),GSK,Menveo,1-dose,Vial,2017,-3.269476767%,$69.74
MenACYW-135 (adult),GSK,Menveo,1-dose,Vial,2016,0.620299294%,$72.09
MenACYW-135 (adult),GSK,Menveo,1-dose,Vial,2015,,$71.65
MenACYW-135 (adult),GSK,Menveo,1-dose,Vial,2014,,
MenACYW-135 (adult),GSK,Menveo,1-dose,Vial,2013,,
MenACYW-135 (adult),Novartis,Menveo,1-dose,Vial,2021,,
MenACYW-135 (adult),Novartis,Menveo,1-dose,Vial,2020,,
MenACYW-135 (adult),Novartis,Menveo,1-dose,Vial,2019,,
MenACYW-135 (adult),Novartis,Menveo,1-dose,Vial,2018,,
MenACYW-135 (adult),Novartis,Menveo,1-dose,Vial,2017,,
MenACYW-135 (adult),Novartis,Menveo,1-dose,Vial,2015,1.429703867%,$71.65
MenACYW-135 (adult),Novartis,Menveo,1-dose,Vial,2014,2.954578577%,$70.64
MenACYW-135 (adult),Novartis,Menveo,1-dose,Vial,2013,,$68.62
MenACYW-135 (adult),Sanofi,Menactra,1-dose,Vial,2021,3.413540595%,$77.70
MenACYW-135 (adult),Sanofi,Menactra,1-dose,Vial,2020,0.096803702%,$75.14
MenACYW-135 (adult),Sanofi,Menactra,1-dose,Vial,2019,-2.676001556%,$75.07
MenACYW-135 (adult),Sanofi,Menactra,1-dose,Vial,2018,2.922337870%,$77.13
MenACYW-135 (adult),Sanofi,Menactra,1-dose,Vial,2017,0.815239325%,$74.94
MenACYW-135 (adult),Sanofi,Menactra,1-dose,Vial,2016,-1.484348080%,$74.33
MenACYW-135 (adult),Sanofi,Menactra,1-dose,Vial,2015,0.588345079%,$75.45
MenACYW-135 (adult),Sanofi,Menactra,1-dose,Vial,2014,1.992367727%,$75.01
MenACYW-135 (adult),Sanofi,Menactra,1-dose,Vial,2013,,$73.55
MenB,GSK,Bexsero,1-dose,Syringe,2021,7.349359617%,$124.89
MenB,GSK,Bexsero,1-dose,Syringe,2020,1.548202008%,$116.34
MenB,GSK,Bexsero,1-dose,Syringe,2019,2.841835527%,$114.56
MenB,GSK,Bexsero,1-dose,Syringe,2018,6.600601017%,$111.40
MenB,GSK,Bexsero,1-dose,Syringe,2017,-6.769793515%,$104.50
MenB,GSK,Bexsero,1-dose,Syringe,2016,-8.834666305%,$112.09
MenB,GSK,Bexsero,1-dose,Syringe,2015,,$122.95
MenB,GSK,Bexsero,1-dose,Syringe,2014,,
MenB,GSK,Bexsero,1-dose,Syringe,2013,,
MenB,Novartis,Bexsero,1-dose,Syringe,2021,,
MenB,Novartis,Bexsero,1-dose,Syringe,2020,,
MenB,Novartis,Bexsero,1-dose,Syringe,2019,,
MenB,Novartis,Bexsero,1-dose,Syringe,2018,,
MenB,Novartis,Bexsero,1-dose,Syringe,2017,,
MenB,Novartis,Bexsero,1-dose,Syringe,2015,,$122.95
MenB,Novartis,Bexsero,1-dose,Syringe,2014,,
MenB,Novartis,Bexsero,1-dose,Syringe,2013,,
MenB,Pfizer,Trumenba,1-dose,Syringe,2021,4.351388436%,$117.45
MenB,Pfizer,Trumenba,1-dose,Syringe,2020,4.306057517%,$112.56
MenB,Pfizer,Trumenba,1-dose,Syringe,2019,4.008727196%,$107.91
MenB,Pfizer,Trumenba,1-dose,Syringe,2018,9.735131601%,$103.75
MenB,Pfizer,Trumenba,1-dose,Syringe,2017,-1.256744996%,$94.55
MenB,Pfizer,Trumenba,1-dose,Syringe,2016,0%,$95.75
MenB,Pfizer,Trumenba,1-dose,Syringe,2015,,$95.75
MenB,Pfizer,Trumenba,1-dose,Syringe,2014,,
MenB,Pfizer,Trumenba,1-dose,Syringe,2013,,
MenB (adult),GSK,Bexsero,1-dose,Syringe,2021,3.784846213%,$108.89
MenB (adult),GSK,Bexsero,1-dose,Syringe,2020,1.469346176%,$104.92
MenB (adult),GSK,Bexsero,1-dose,Syringe,2019,-0.783147244%,$103.40
MenB (adult),GSK,Bexsero,1-dose,Syringe,2018,-1.843320340%,$104.22
MenB (adult),GSK,Bexsero,1-dose,Syringe,2017,-9.263484738%,$106.18
MenB (adult),GSK,Bexsero,1-dose,Syringe,2016,-4.360441357%,$117.01
MenB (adult),GSK,Bexsero,1-dose,Syringe,2015,,$122.35
MenB (adult),GSK,Bexsero,1-dose,Syringe,2014,,
MenB (adult),GSK,Bexsero,1-dose,Syringe,2013,,
MenB (adult),Novartis,Bexsero,1-dose,Syringe,2021,,
MenB (adult),Novartis,Bexsero,1-dose,Syringe,2020,,
MenB (adult),Novartis,Bexsero,1-dose,Syringe,2019,,
MenB (adult),Novartis,Bexsero,1-dose,Syringe,2018,,
MenB (adult),Novartis,Bexsero,1-dose,Syringe,2017,,
MenB (adult),Novartis,Bexsero,1-dose,Syringe,2015,,$122.35
MenB (adult),Novartis,Bexsero,1-dose,Syringe,2014,,
MenB (adult),Novartis,Bexsero,1-dose,Syringe,2013,,
MenB (adult),Pfizer,Trumenba,1-dose,Syringe,2021,7.285891496%,$94.18
MenB (adult),Pfizer,Trumenba,1-dose,Syringe,2020,9.101756218%,$87.78
MenB (adult),Pfizer,Trumenba,1-dose,Syringe,2019,6.124198697%,$80.46
MenB (adult),Pfizer,Trumenba,1-dose,Syringe,2018,-7.791291657%,$75.81
MenB (adult),Pfizer,Trumenba,1-dose,Syringe,2017,-3.892460549%,$82.22
MenB (adult),Pfizer,Trumenba,1-dose,Syringe,2016,0.255472742%,$85.55
MenB (adult),Pfizer,Trumenba,1-dose,Syringe,2015,,$85.33
MenB (adult),Pfizer,Trumenba,1-dose,Syringe,2014,,
MenB (adult),Pfizer,Trumenba,1-dose,Syringe,2013,,
MMR,Merck,M-M-RII,1-dose,Vial,2021,1.791571261%,$21.93
MMR,Merck,M-M-RII,1-dose,Vial,2020,1.736906308%,$21.55
MMR,Merck,M-M-RII,1-dose,Vial,2019,1.208889082%,$21.18
MMR,Merck,M-M-RII,1-dose,Vial,2018,2.688755707%,$20.92
MMR,Merck,M-M-RII,1-dose,Vial,2017,1.502698215%,$20.38
MMR,Merck,M-M-RII,1-dose,Vial,2016,0.862502093%,$20.08
MMR,Merck,M-M-RII,1-dose,Vial,2015,0.219876131%,$19.90
MMR,Merck,M-M-RII,1-dose,Vial,2014,0.996762218%,$19.86
MMR,Merck,M-M-RII,1-dose,Vial,2013,,$19.66
MMR (adult),Merck,M-M-RII,1-dose,Vial,2021,4.609902467%,$51.11
MMR (adult),Merck,M-M-RII,1-dose,Vial,2020,2.665335925%,$48.86
MMR (adult),Merck,M-M-RII,1-dose,Vial,2019,8.847317372%,$47.59
MMR (adult),Merck,M-M-RII,1-dose,Vial,2018,7.412604592%,$43.72
MMR (adult),Merck,M-M-RII,1-dose,Vial,2017,1.766666667%,$40.71
MMR (adult),Merck,M-M-RII,1-dose,Vial,2016,3.128222757%,$40.00
MMR (adult),Merck,M-M-RII,1-dose,Vial,2015,4.704315589%,$38.79
MMR (adult),Merck,M-M-RII,1-dose,Vial,2014,-0.939805502%,$37.04
MMR (adult),Merck,M-M-RII,1-dose,Vial,2013,,$37.40
MMRV,Merck,ProQuad,1-dose,Vial,2021,4.420009579%,$141.47
MMRV,Merck,ProQuad,1-dose,Vial,2020,4.351800145%,$135.48
MMRV,Merck,ProQuad,1-dose,Vial,2019,5.236581088%,$129.83
MMRV,Merck,ProQuad,1-dose,Vial,2018,5.682986345%,$123.37
MMRV,Merck,ProQuad,1-dose,Vial,2017,2.960632699%,$116.73
MMRV,Merck,ProQuad,1-dose,Vial,2016,5.900118314%,$113.38
MMRV,Merck,ProQuad,1-dose,Vial,2015,6.549627285%,$107.06
MMRV,Merck,ProQuad,1-dose,Vial,2014,6.457286343%,$100.48
MMRV,Merck,ProQuad,1-dose,Vial,2013,,$94.38
PCV13,Pfizer,Prevnar 13,1-dose,Syringe,2021,4.354958986%,$147.71
PCV13,Pfizer,Prevnar 13,1-dose,Syringe,2020,4.310980103%,$141.55
PCV13,Pfizer,Prevnar 13,1-dose,Syringe,2019,4.015831980%,$135.70
PCV13,Pfizer,Prevnar 13,1-dose,Syringe,2018,5.171772182%,$130.46
PCV13,Pfizer,Prevnar 13,1-dose,Syringe,2017,3.535227072%,$124.05
PCV13,Pfizer,Prevnar 13,1-dose,Syringe,2016,3.469568409%,$119.81
PCV13,Pfizer,Prevnar 13,1-dose,Syringe,2015,4.631777108%,$115.79
PCV13,Pfizer,Prevnar 13,1-dose,Syringe,2014,4.413460530%,$110.67
PCV13,Pfizer,Prevnar 13,1-dose,Syringe,2013,,$105.99
PCV13 (adult),Pfizer,Prevnar 13,1-dose,Syringe,2021,5.385081529%,$134.10
PCV13 (adult),Pfizer,Prevnar 13,1-dose,Syringe,2020,4.680149776%,$127.25
PCV13 (adult),Pfizer,Prevnar 13,1-dose,Syringe,2019,5.564801167%,$121.56
PCV13 (adult),Pfizer,Prevnar 13,1-dose,Syringe,2018,12.946454181%,$115.15
PCV13 (adult),Pfizer,Prevnar 13,1-dose,Syringe,2017,5.793824655%,$101.95
PCV13 (adult),Pfizer,Prevnar 13,1-dose,Syringe,2016,1.901099585%,$96.37
PCV13 (adult),Pfizer,Prevnar 13,1-dose,Syringe,2015,9.066690245%,$94.57
PCV13 (adult),Pfizer,Prevnar 13,1-dose,Syringe,2014,1.784659209%,$86.71
PCV13 (adult),Pfizer,Prevnar 13,1-dose,Syringe,2013,,$85.19
PPSV23,Merck,Pneumovax23,1-dose,Vial,2021,,
PPSV23,Merck,Pneumovax23,1-dose,Syringe,2021,4.442152706%,$60.76
PPSV23,Merck,Pneumovax23,1-dose,Syringe,2020,3.339253996%,$58.18
PPSV23,Merck,Pneumovax23,1-dose,Vial,2019,2.306318296%,$53.11
PPSV23,Merck,Pneumovax23,1-dose,Syringe,2019,1.068126739%,$56.30
PPSV23,Merck,Pneumovax23,1-dose,Vial,2018,17.693694932%,$51.91
PPSV23,Merck,Pneumovax23,1-dose,Syringe,2018,65.755802420%,$55.70
PPSV23,Merck,Pneumovax23,1-dose,Vial,2017,-4.105369954%,$44.11
PPSV23,Merck,Pneumovax23,1-dose,Syringe,2017,,$33.61
PPSV23,Merck,Pneumovax23,1-dose,Vial,2016,6.597141754%,$46.00
PPSV23,Merck,Pneumovax23,1-dose,Syringe,2016,,
PPSV23,Merck,Pneumovax23,1-dose,Vial,2015,5.682096498%,$43.15
PPSV23,Merck,Pneumovax23,1-dose,Syringe,2015,,
PPSV23,Merck,Pneumovax23,1-dose,Vial,2014,4.232023826%,$40.83
PPSV23,Merck,Pneumovax23,1-dose,Syringe,2014,,
PPSV23,Merck,Pneumovax23,1-dose,Vial,2013,,$39.17
PPSV23,Merck,Pneumovax23,1-dose,Syringe,2013,,
PPSV23 (adult),Merck,Pneumovax23,1-dose,Vial,2021,,
PPSV23 (adult),Merck,Pneumovax23,1-dose,Syringe,2021,8.375738434%,$67.94
PPSV23 (adult),Merck,Pneumovax23,1-dose,Syringe,2020,3.213856463%,$62.69
PPSV23 (adult),Merck,Pneumovax23,1-dose,Vial,2019,9.782379123%,$56.14
PPSV23 (adult),Merck,Pneumovax23,1-dose,Syringe,2019,18.577854482%,$60.74
PPSV23 (adult),Merck,Pneumovax23,1-dose,Vial,2018,53.251148851%,$51.13
PPSV23 (adult),Merck,Pneumovax23,1-dose,Syringe,2018,52.413806784%,$51.22
PPSV23 (adult),Merck,Pneumovax23,1-dose,Vial,2017,27.597195666%,$33.37
PPSV23 (adult),Merck,Pneumovax23,1-dose,Syringe,2017,28.514977693%,$33.61
PPSV23 (adult),Merck,Pneumovax23,1-dose,Vial,2016,-1.660921341%,$26.15
PPSV23 (adult),Merck,Pneumovax23,1-dose,Syringe,2016,-4.097308531%,$26.15
PPSV23 (adult),Merck,Pneumovax23,1-dose,Vial,2015,-12.189457231%,$26.59
PPSV23 (adult),Merck,Pneumovax23,1-dose,Syringe,2015,-29.233027375%,$27.27
PPSV23 (adult),Merck,Pneumovax23,1-dose,Vial,2014,17.032733456%,$30.28
PPSV23 (adult),Merck,Pneumovax23,1-dose,Syringe,2014,,$38.53
PPSV23 (adult),Merck,Pneumovax23,1-dose,Vial,2013,,$25.88
PPSV23 (adult),Merck,Pneumovax23,1-dose,Syringe,2013,,
PPSV23 (adult),Merck,Pneumovax23,5-dose,Vial,2021,,
PPSV23 (adult),Merck,Pneumovax23,5-dose,Vial,2020,,
PPSV23 (adult),Merck,Pneumovax23,5-dose,Vial,2019,,
PPSV23 (adult),Merck,Pneumovax23,5-dose,Vial,2018,,
PPSV23 (adult),Merck,Pneumovax23,5-dose,Vial,2017,,
PPSV23 (adult),Merck,Pneumovax23,5-dose,Vial,2016,,
PPSV23 (adult),Merck,Pneumovax23,5-dose,Vial,2014,1.093870470%,$23.31
PPSV23 (adult),Merck,Pneumovax23,5-dose,Vial,2013,,$23.06
Rota,GSK,Rotarix,1-dose,Vial,2021,2.085907782%,$98.58
Rota,GSK,Rotarix,1-dose,Vial,2020,2.481870600%,$96.57
Rota,GSK,Rotarix,1-dose,Vial,2019,2.025690241%,$94.23
Rota,GSK,Rotarix,1-dose,Vial,2018,3.612566928%,$92.36
Rota,GSK,Rotarix,1-dose,Vial,2017,3.092452309%,$89.14
Rota,GSK,Rotarix,1-dose,Vial,2016,1.675682032%,$86.46
Rota,GSK,Rotarix,1-dose,Vial,2015,-7.490360557%,$85.04
Rota,GSK,Rotarix,1-dose,Vial,2014,0.029017398%,$91.93
Rota,GSK,Rotarix,1-dose,Vial,2013,,$91.90
Rota,Merck,RotaTeq,1-dose,Tube,2021,2.865810968%,$73.46
Rota,Merck,RotaTeq,1-dose,Tube,2020,1.314607273%,$71.42
Rota,Merck,RotaTeq,1-dose,Tube,2019,0.532880407%,$70.49
Rota,Merck,RotaTeq,1-dose,Tube,2018,3.186485828%,$70.12
Rota,Merck,RotaTeq,1-dose,Tube,2017,2.849743111%,$67.95
Rota,Merck,RotaTeq,1-dose,Tube,2016,3.296331040%,$66.07
Rota,Merck,RotaTeq,1-dose,Tube,2015,-0.000260579%,$63.96
Rota,Merck,RotaTeq,1-dose,Tube,2014,0.850934109%,$63.96
Rota,Merck,RotaTeq,1-dose,Tube,2013,,$63.42
Seasonal Influenza,GSK,Fluarix,1-dose,Syringe,2021,,
Seasonal Influenza,GSK,Fluarix,1-dose,Syringe,2020,,
Seasonal Influenza,GSK,Fluarix,1-dose,Syringe,2019,,
Seasonal Influenza,GSK,Fluarix,1-dose,Syringe,2018,,
Seasonal Influenza,GSK,Fluarix,1-dose,Syringe,2017,,
Seasonal Influenza,GSK,Fluarix,1-dose,Syringe,2016,,
Seasonal Influenza,GSK,Fluarix,1-dose,Syringe,2014,0%,$9.25
Seasonal Influenza,GSK,Fluarix,1-dose,Syringe,2013,,$9.25
Seasonal Influenza,MedImm.,FluMist,1-dose,Sprayer,2021,,
Seasonal Influenza,MedImm.,FluMist,1-dose,Sprayer,2020,,
Seasonal Influenza,MedImm.,FluMist,1-dose,Sprayer,2019,,
Seasonal Influenza,MedImm.,FluMist,1-dose,Sprayer,2018,,
Seasonal Influenza,MedImm.,FluMist,1-dose,Sprayer,2017,,
Seasonal Influenza,MedImm.,FluMist,1-dose,Sprayer,2016,,
Seasonal Influenza,MedImm.,FluMist,1-dose,Sprayer,2015,,
Seasonal Influenza,MedImm.,FluMist,1-dose,Sprayer,2013,,$16.50
Seasonal Influenza,Merck,Afluria,1-dose,Syringe,2021,,
Seasonal Influenza,Merck,Afluria,1-dose,Syringe,2020,,
Seasonal Influenza,Merck,Afluria,1-dose,Syringe,2019,,
Seasonal Influenza,Merck,Afluria,1-dose,Syringe,2018,,
Seasonal Influenza,Merck,Afluria,1-dose,Syringe,2016,,$7.97
Seasonal Influenza,Merck,Afluria,1-dose,Syringe,2014,0%,$9.00
Seasonal Influenza,Merck,Afluria,1-dose,Syringe,2013,,$9.00
Seasonal Influenza,Merck,Afluria,10-dose,Vial,2021,,
Seasonal Influenza,Merck,Afluria,10-dose,Vial,2020,,
Seasonal Influenza,Merck,Afluria,10-dose,Vial,2019,,
Seasonal Influenza,Merck,Afluria,10-dose,Vial,2018,,
Seasonal Influenza,Merck,Afluria,10-dose,Vial,2016,,$7.22
Seasonal Influenza,Merck,Afluria,10-dose,Vial,2014,0%,$8.25
Seasonal Influenza,Merck,Afluria,10-dose,Vial,2013,,$8.25
Seasonal Influenza,Novartis,Fluvirin,1-dose,Syringe,2021,,
Seasonal Influenza,Novartis,Fluvirin,1-dose,Syringe,2020,,
Seasonal Influenza,Novartis,Fluvirin,1-dose,Syringe,2019,,
Seasonal Influenza,Novartis,Fluvirin,1-dose,Syringe,2018,,
Seasonal Influenza,Novartis,Fluvirin,1-dose,Syringe,2016,-3.476151981%,$7.96
Seasonal Influenza,Novartis,Fluvirin,1-dose,Syringe,2015,-10.578313253%,$8.25
Seasonal Influenza,Novartis,Fluvirin,1-dose,Syringe,2014,2.153846154%,$9.22
Seasonal Influenza,Novartis,Fluvirin,1-dose,Syringe,2013,,$9.03
Seasonal Influenza,Novartis,Fluvirin,10-dose,Vial,2021,,
Seasonal Influenza,Novartis,Fluvirin,10-dose,Vial,2020,,
Seasonal Influenza,Novartis,Fluvirin,10-dose,Vial,2019,,
Seasonal Influenza,Novartis,Fluvirin,10-dose,Vial,2017,0.478026214%,$7.24
Seasonal Influenza,Novartis,Fluvirin,10-dose,Vial,2016,-0.153964588%,$7.21
Seasonal Influenza,Novartis,Fluvirin,10-dose,Vial,2015,-11.944143167%,$7.22
Seasonal Influenza,Novartis,Fluvirin,10-dose,Vial,2014,1.737931034%,$8.20
Seasonal Influenza,Novartis,Fluvirin,10-dose,Vial,2013,,$8.06
Seasonal Influenza,Novartis,Flucelvax,1-dose,Syringe,2021,,
Seasonal Influenza,Novartis,Flucelvax,1-dose,Syringe,2020,,
Seasonal Influenza,Novartis,Flucelvax,1-dose,Syringe,2019,,
Seasonal Influenza,Novartis,Flucelvax,1-dose,Syringe,2018,,
Seasonal Influenza,Novartis,Flucelvax,1-dose,Syringe,2016,,$14.34
Seasonal Influenza,Novartis,Flucelvax,1-dose,Syringe,2015,,
Seasonal Influenza,Novartis,Flucelvax,1-dose,Syringe,2014,,
Seasonal Influenza,Novartis,Flucelvax,1-dose,Syringe,2013,,
Seasonal Influenza,Sanofi,Fluzone Ped.,1-dose,Syringe,2021,,
Seasonal Influenza,Sanofi,Fluzone Ped.,1-dose,Syringe,2020,,
Seasonal Influenza,Sanofi,Fluzone Ped.,1-dose,Syringe,2019,,
Seasonal Influenza,Sanofi,Fluzone Ped.,1-dose,Syringe,2018,,
Seasonal Influenza,Sanofi,Fluzone Ped.,1-dose,Syringe,2017,,
Seasonal Influenza,Sanofi,Fluzone Ped.,1-dose,Syringe,2016,,
Seasonal Influenza,Sanofi,Fluzone Ped.,1-dose,Syringe,2014,0.499561628%,$12.23
Seasonal Influenza,Sanofi,Fluzone Ped.,1-dose,Syringe,2013,,$12.17
Seasonal Influenza,Sanofi,Fluzone,1-dose,Vial,2021,,
Seasonal Influenza,Sanofi,Fluzone,1-dose,Syringe,2021,,
Seasonal Influenza,Sanofi,Fluzone,1-dose,Vial,2020,,
Seasonal Influenza,Sanofi,Fluzone,1-dose,Syringe,2020,,
Seasonal Influenza,Sanofi,Fluzone,1-dose,Vial,2019,,
Seasonal Influenza,Sanofi,Fluzone,1-dose,Syringe,2019,,
Seasonal Influenza,Sanofi,Fluzone,1-dose,Vial,2018,,
Seasonal Influenza,Sanofi,Fluzone,1-dose,Syringe,2018,,
Seasonal Influenza,Sanofi,Fluzone,1-dose,Vial,2017,,
Seasonal Influenza,Sanofi,Fluzone,1-dose,Syringe,2017,,
Seasonal Influenza,Sanofi,Fluzone,1-dose,Vial,2016,,
Seasonal Influenza,Sanofi,Fluzone,1-dose,Syringe,2015,-5.493207324%,$9.60
Seasonal Influenza,Sanofi,Fluzone,1-dose,Vial,2014,19.978423919%,$12.97
Seasonal Influenza,Sanofi,Fluzone,1-dose,Syringe,2014,-3.532763533%,$10.16
Seasonal Influenza,Sanofi,Fluzone,1-dose,Vial,2013,,$10.81
Seasonal Influenza,Sanofi,Fluzone,1-dose,Syringe,2013,,$10.53
Seasonal Influenza,Sanofi,Fluzone,10-dose,Vial,2021,,
Seasonal Influenza,Sanofi,Fluzone,10-dose,Vial,2020,,
Seasonal Influenza,Sanofi,Fluzone,10-dose,Vial,2019,,
Seasonal Influenza,Sanofi,Fluzone,10-dose,Vial,2018,,
Seasonal Influenza,Sanofi,Fluzone,10-dose,Vial,2016,0%,$7.75
Seasonal Influenza,Sanofi,Fluzone,10-dose,Vial,2015,-7.627027736%,$7.75
Seasonal Influenza,Sanofi,Fluzone,10-dose,Vial,2014,-0.929865872%,$8.39
Seasonal Influenza,Sanofi,Fluzone,10-dose,Vial,2013,,$8.47
Seasonal Influenza,Seqirus,Afluria,1-dose,Syringe,2021,,
Seasonal Influenza,Seqirus,Afluria,1-dose,Syringe,2020,,
Seasonal Influenza,Seqirus,Afluria,1-dose,Syringe,2019,,
Seasonal Influenza,Seqirus,Afluria,1-dose,Syringe,2017,-1.111612540e-14%,$7.99
Seasonal Influenza,Seqirus,Afluria,1-dose,Syringe,2016,2.582025678%,$7.99
Seasonal Influenza,Seqirus,Afluria,1-dose,Syringe,2015,0.501792115%,$7.79
Seasonal Influenza,Seqirus,Afluria,1-dose,Syringe,2014,,$7.75
Seasonal Influenza,Seqirus,Afluria,1-dose,Syringe,2013,,
Seasonal Influenza,Seqirus,Afluria,10-dose,Vial,2021,,
Seasonal Influenza,Seqirus,Afluria,10-dose,Vial,2020,,
Seasonal Influenza,Seqirus,Afluria,10-dose,Vial,2019,,
Seasonal Influenza,Seqirus,Afluria,10-dose,Vial,2017,-1.226765773e-14%,$7.24
Seasonal Influenza,Seqirus,Afluria,10-dose,Vial,2016,2.857142857%,$7.24
Seasonal Influenza,Seqirus,Afluria,10-dose,Vial,2015,0.555555556%,$7.04
Seasonal Influenza,Seqirus,Afluria,10-dose,Vial,2014,,$7.00
Seasonal Influenza,Seqirus,Afluria,10-dose,Vial,2013,,
Seasonal Influenza - QIV,AstraZen.,FluMist Quad.,1-dose,Sprayer,2021,0%,$18.88
Seasonal Influenza - QIV,AstraZen.,FluMist Quad.,1-dose,Sprayer,2020,0%,$18.88
Seasonal Influenza - QIV,AstraZen.,FluMist Quad.,1-dose,Sprayer,2019,0%,$18.88
Seasonal Influenza - QIV,AstraZen.,FluMist Quad.,1-dose,Sprayer,2018,,$18.88
Seasonal Influenza - QIV,AstraZen.,FluMist Quad.,1-dose,Sprayer,2017,,
Seasonal Influenza - QIV,AstraZen.,FluMist Quad.,1-dose,Sprayer,2016,,
Seasonal Influenza - QIV,AstraZen.,FluMist Quad.,1-dose,Sprayer,2015,,
Seasonal Influenza - QIV,AstraZen.,FluMist Quad.,1-dose,Sprayer,2014,,
Seasonal Influenza - QIV,AstraZen.,FluMist Quad.,1-dose,Sprayer,2013,,
Seasonal Influenza - QIV,GSK,FluLaval Quad.,1-dose,Syringe,2021,2.839756592%,$14.08
Seasonal Influenza - QIV,GSK,FluLaval Quad.,1-dose,Syringe,2020,1.440329218%,$13.69
Seasonal Influenza - QIV,GSK,FluLaval Quad.,1-dose,Syringe,2019,-1.237031125%,$13.50
Seasonal Influenza - QIV,GSK,FluLaval Quad.,1-dose,Syringe,2018,-5.273105273%,$13.67
Seasonal Influenza - QIV,GSK,FluLaval Quad.,1-dose,Syringe,2017,2.462033041e-14%,$14.43
Seasonal Influenza - QIV,GSK,FluLaval Quad.,1-dose,Syringe,2016,,$14.43
Seasonal Influenza - QIV,GSK,FluLaval Quad.,1-dose,Syringe,2015,,
Seasonal Influenza - QIV,GSK,FluLaval Quad.,1-dose,Syringe,2014,,
Seasonal Influenza - QIV,GSK,FluLaval Quad.,1-dose,Syringe,2013,,
Seasonal Influenza - QIV,GSK,FluLaval Quad.,10-dose,Vial,2020,1.310964457e-14%,$13.55
Seasonal Influenza - QIV,GSK,FluLaval Quad.,10-dose,Vial,2019,-1.310964457e-14%,$13.55
Seasonal Influenza - QIV,GSK,FluLaval Quad.,10-dose,Vial,2018,1.310964457e-14%,$13.55
Seasonal Influenza - QIV,GSK,FluLaval Quad.,10-dose,Vial,2017,0.329082682%,$13.55
Seasonal Influenza - QIV,GSK,FluLaval Quad.,10-dose,Vial,2016,3.314917127%,$13.51
Seasonal Influenza - QIV,GSK,FluLaval Quad.,10-dose,Vial,2015,7.787448465%,$13.07
Seasonal Influenza - QIV,GSK,FluLaval Quad.,10-dose,Vial,2014,,$12.13
Seasonal Influenza - QIV,GSK,FluLaval Quad.,10-dose,Vial,2013,,
Seasonal Influenza - QIV,GSK,Fluarix Quad.,1-dose,Syringe,2021,2.839756592%,$14.08
Seasonal Influenza - QIV,GSK,Fluarix Quad.,1-dose,Syringe,2020,1.440329218%,$13.69
Seasonal Influenza - QIV,GSK,Fluarix Quad.,1-dose,Syringe,2019,-1.237031125%,$13.50
Seasonal Influenza - QIV,GSK,Fluarix Quad.,1-dose,Syringe,2018,-5.273105273%,$13.67
Seasonal Influenza - QIV,GSK,Fluarix Quad.,1-dose,Syringe,2017,0.293458954%,$14.43
Seasonal Influenza - QIV,GSK,Fluarix Quad.,1-dose,Syringe,2016,3.138191955%,$14.39
Seasonal Influenza - QIV,GSK,Fluarix Quad.,1-dose,Syringe,2015,2.197802198%,$13.95
Seasonal Influenza - QIV,GSK,Fluarix Quad.,1-dose,Syringe,2014,0%,$13.65
Seasonal Influenza - QIV,GSK,Fluarix Quad.,1-dose,Syringe,2013,,$13.65
Seasonal Influenza - QIV,MedImm.,FluMist Quad.,1-dose,Sprayer,2021,,
Seasonal Influenza - QIV,MedImm.,FluMist Quad.,1-dose,Sprayer,2020,,
Seasonal Influenza - QIV,MedImm.,FluMist Quad.,1-dose,Sprayer,2019,,
Seasonal Influenza - QIV,MedImm.,FluMist Quad.,1-dose,Sprayer,2018,,
Seasonal Influenza - QIV,MedImm.,FluMist Quad.,1-dose,Sprayer,2016,0.938576690%,$18.88
Seasonal Influenza - QIV,MedImm.,FluMist Quad.,1-dose,Sprayer,2015,3.900752993%,$18.70
Seasonal Influenza - QIV,MedImm.,FluMist Quad.,1-dose,Sprayer,2014,4.059087990%,$18.00
Seasonal Influenza - QIV,MedImm.,FluMist Quad.,1-dose,Sprayer,2013,,$17.30
Seasonal Influenza - QIV,Novartis,Flucelvax Quad.,1-dose,Syringe,2021,,
Seasonal Influenza - QIV,Novartis,Flucelvax Quad.,1-dose,Syringe,2020,,
Seasonal Influenza - QIV,Novartis,Flucelvax Quad.,1-dose,Syringe,2019,,
Seasonal Influenza - QIV,Novartis,Flucelvax Quad.,1-dose,Syringe,2017,-2.477485132e-14%,$14.34
Seasonal Influenza - QIV,Novartis,Flucelvax Quad.,1-dose,Syringe,2016,,$14.34
Seasonal Influenza - QIV,Novartis,Flucelvax Quad.,1-dose,Syringe,2015,,
Seasonal Influenza - QIV,Novartis,Flucelvax Quad.,1-dose,Syringe,2014,,
Seasonal Influenza - QIV,Novartis,Flucelvax Quad.,1-dose,Syringe,2013,,
Seasonal Influenza - QIV,Sanofi,Fluzone Quad.,1-dose,Vial,2021,0.832691331%,$13.67
Seasonal Influenza - QIV,Sanofi,Fluzone Quad.,1-dose,Syringe,2021,0.563105238%,$13.67
Seasonal Influenza - QIV,Sanofi,Fluzone Quad.,1-dose,Vial,2020,-2.649795897%,$13.56
Seasonal Influenza - QIV,Sanofi,Fluzone Quad.,1-dose,Syringe,2020,-2.388822839%,$13.59
Seasonal Influenza - QIV,Sanofi,Fluzone Quad.,1-dose,Vial,2019,-8.457407075%,$13.93
Seasonal Influenza - QIV,Sanofi,Fluzone Quad.,1-dose,Syringe,2019,-8.457407075%,$13.93
Seasonal Influenza - QIV,Sanofi,Fluzone Quad.,1-dose,Vial,2018,-3.243339090%,$15.21
Seasonal Influenza - QIV,Sanofi,Fluzone Quad.,1-dose,Syringe,2018,-5.675054113%,$15.21
Seasonal Influenza - QIV,Sanofi,Fluzone Quad.,1-dose,Vial,2017,-0.098839344%,$15.72
Seasonal Influenza - QIV,Sanofi,Fluzone Quad.,1-dose,Syringe,2017,-4.735277324%,$16.13
Seasonal Influenza - QIV,Sanofi,Fluzone Quad.,1-dose,Vial,2016,4.226637233%,$15.74
Seasonal Influenza - QIV,Sanofi,Fluzone Quad.,1-dose,Syringe,2016,6.244481291%,$16.93
Seasonal Influenza - QIV,Sanofi,Fluzone Quad.,1-dose,Vial,2015,0%,$15.10
Seasonal Influenza - QIV,Sanofi,Fluzone Quad.,1-dose,Syringe,2015,-0.529781960%,$15.93
Seasonal Influenza - QIV,Sanofi,Fluzone Quad.,1-dose,Vial,2014,,$15.10
Seasonal Influenza - QIV,Sanofi,Fluzone Quad.,1-dose,Syringe,2014,-6.043988270%,$16.02
Seasonal Influenza - QIV,Sanofi,Fluzone Quad.,1-dose,Vial,2013,,
Seasonal Influenza - QIV,Sanofi,Fluzone Quad.,1-dose,Syringe,2013,,$17.05
Seasonal Influenza - QIV,Sanofi,Fluzone Quad.,10-dose,Vial,2021,0.591232769%,$13.69
Seasonal Influenza - QIV,Sanofi,Fluzone Quad.,10-dose,Vial,2020,-1.734409026%,$13.61
Seasonal Influenza - QIV,Sanofi,Fluzone Quad.,10-dose,Vial,2019,-2.608782531%,$13.85
Seasonal Influenza - QIV,Sanofi,Fluzone Quad.,10-dose,Vial,2018,-0.369497356%,$14.22
Seasonal Influenza - QIV,Sanofi,Fluzone Quad.,10-dose,Vial,2017,4.152136891%,$14.27
Seasonal Influenza - QIV,Sanofi,Fluzone Quad.,10-dose,Vial,2016,4.190959020%,$13.70
Seasonal Influenza - QIV,Sanofi,Fluzone Quad.,10-dose,Vial,2015,0%,$13.15
Seasonal Influenza - QIV,Sanofi,Fluzone Quad.,10-dose,Vial,2014,,$13.15
Seasonal Influenza - QIV,Sanofi,Fluzone Quad.,10-dose,Vial,2013,,
Seasonal Influenza - QIV,Seqirus,Flucelvax Quad.,1-dose,Syringe,2021,8.405473331%,$17.25
Seasonal Influenza - QIV,Seqirus,Flucelvax Quad.,1-dose,Syringe,2020,3.280697959%,$15.92
Seasonal Influenza - QIV,Seqirus,Flucelvax Quad.,1-dose,Syringe,2019,5.475701574%,$15.41
Seasonal Influenza - QIV,Seqirus,Flucelvax Quad.,1-dose,Syringe,2018,-5.252918288%,$14.61
Seasonal Influenza - QIV,Seqirus,Flucelvax Quad.,1-dose,Syringe,2017,,$15.42
Seasonal Influenza - QIV,Seqirus,Flucelvax Quad.,1-dose,Syringe,2016,,
Seasonal Influenza - QIV,Seqirus,Flucelvax Quad.,1-dose,Syringe,2015,,
Seasonal Influenza - QIV,Seqirus,Flucelvax Quad.,1-dose,Syringe,2014,,
Seasonal Influenza - QIV,Seqirus,Flucelvax Quad.,1-dose,Syringe,2013,,
Seasonal Influenza - QIV,Seqirus,Flucelvax Quad.,10-dose,Vial,2021,7.805953693%,$16.30
Seasonal Influenza - QIV,Seqirus,Flucelvax Quad.,10-dose,Vial,2020,2.010403487%,$15.12
Seasonal Influenza - QIV,Seqirus,Flucelvax Quad.,10-dose,Vial,2019,8.605669931%,$14.82
Seasonal Influenza - QIV,Seqirus,Flucelvax Quad.,10-dose,Vial,2018,-3.023841830%,$13.64
Seasonal Influenza - QIV,Seqirus,Flucelvax Quad.,10-dose,Vial,2017,,$14.07
Seasonal Influenza - QIV,Seqirus,Flucelvax Quad.,10-dose,Vial,2016,,
Seasonal Influenza - QIV,Seqirus,Flucelvax Quad.,10-dose,Vial,2015,,
Seasonal Influenza - QIV,Seqirus,Flucelvax Quad.,10-dose,Vial,2014,,
Seasonal Influenza - QIV,Seqirus,Flucelvax Quad.,10-dose,Vial,2013,,
Seasonal Influenza - QIV,Seqirus,Afluria Quad.,1-dose,Syringe,2021,2.330720480%,$13.63
Seasonal Influenza - QIV,Seqirus,Afluria Quad.,1-dose,Syringe,2020,-2.088538350%,$13.32
Seasonal Influenza - QIV,Seqirus,Afluria Quad.,1-dose,Syringe,2019,-5.691845692%,$13.61
Seasonal Influenza - QIV,Seqirus,Afluria Quad.,1-dose,Syringe,2018,,$14.43
Seasonal Influenza - QIV,Seqirus,Afluria Quad.,1-dose,Syringe,2017,,
Seasonal Influenza - QIV,Seqirus,Afluria Quad.,1-dose,Syringe,2016,,
Seasonal Influenza - QIV,Seqirus,Afluria Quad.,1-dose,Syringe,2015,,
Seasonal Influenza - QIV,Seqirus,Afluria Quad.,1-dose,Syringe,2014,,
Seasonal Influenza - QIV,Seqirus,Afluria Quad.,1-dose,Syringe,2013,,
Seasonal Influenza - QIV,Seqirus,Afluria Quad.,10-dose,Vial,2021,-0.972160848%,$12.45
Seasonal Influenza - QIV,Seqirus,Afluria Quad.,10-dose,Vial,2020,-3.799351719%,$12.57
Seasonal Influenza - QIV,Seqirus,Afluria Quad.,10-dose,Vial,2019,-3.551660517%,$13.07
Seasonal Influenza - QIV,Seqirus,Afluria Quad.,10-dose,Vial,2018,,$13.55
Seasonal Influenza - QIV,Seqirus,Afluria Quad.,10-dose,Vial,2017,,
Seasonal Influenza - QIV,Seqirus,Afluria Quad.,10-dose,Vial,2016,,
Seasonal Influenza - QIV,Seqirus,Afluria Quad.,10-dose,Vial,2015,,
Seasonal Influenza - QIV,Seqirus,Afluria Quad.,10-dose,Vial,2014,,
Seasonal Influenza - QIV,Seqirus,Afluria Quad.,10-dose,Vial,2013,,
Seasonal Influenza (adult),GSK,FluLaval,10-dose,Vial,2021,,
Seasonal Influenza (adult),GSK,FluLaval,10-dose,Vial,2020,,
Seasonal Influenza (adult),GSK,FluLaval,10-dose,Vial,2019,,
Seasonal Influenza (adult),GSK,FluLaval,10-dose,Vial,2018,,
Seasonal Influenza (adult),GSK,FluLaval,10-dose,Vial,2017,,
Seasonal Influenza (adult),GSK,FluLaval,10-dose,Vial,2016,,
Seasonal Influenza (adult),GSK,FluLaval,10-dose,Vial,2014,-2.858713579%,$5.89
Seasonal Influenza (adult),GSK,FluLaval,10-dose,Vial,2013,,$6.06
Seasonal Influenza (adult),GSK,Fluarix,1-dose,Syringe,2021,,
Seasonal Influenza (adult),GSK,Fluarix,1-dose,Syringe,2020,,
Seasonal Influenza (adult),GSK,Fluarix,1-dose,Syringe,2019,,
Seasonal Influenza (adult),GSK,Fluarix,1-dose,Syringe,2018,,
Seasonal Influenza (adult),GSK,Fluarix,1-dose,Syringe,2017,,
Seasonal Influenza (adult),GSK,Fluarix,1-dose,Syringe,2016,,
Seasonal Influenza (adult),GSK,Fluarix,1-dose,Syringe,2014,-0.410846343%,$8.08
Seasonal Influenza (adult),GSK,Fluarix,1-dose,Syringe,2013,,$8.11
Seasonal Influenza (adult),Merck,Afluria,1-dose,Syringe,2021,,
Seasonal Influenza (adult),Merck,Afluria,1-dose,Syringe,2020,,
Seasonal Influenza (adult),Merck,Afluria,1-dose,Syringe,2019,,
Seasonal Influenza (adult),Merck,Afluria,1-dose,Syringe,2018,,
Seasonal Influenza (adult),Merck,Afluria,1-dose,Syringe,2016,,$7.92
Seasonal Influenza (adult),Merck,Afluria,1-dose,Syringe,2014,0%,$8.13
Seasonal Influenza (adult),Merck,Afluria,1-dose,Syringe,2013,,$8.13
Seasonal Influenza (adult),Merck,Afluria,10-dose,Vial,2021,,
Seasonal Influenza (adult),Merck,Afluria,10-dose,Vial,2020,,
Seasonal Influenza (adult),Merck,Afluria,10-dose,Vial,2019,,
Seasonal Influenza (adult),Merck,Afluria,10-dose,Vial,2018,,
Seasonal Influenza (adult),Merck,Afluria,10-dose,Vial,2016,,$7.17
Seasonal Influenza (adult),Merck,Afluria,10-dose,Vial,2014,-1.135923289e-14%,$7.82
Seasonal Influenza (adult),Merck,Afluria,10-dose,Vial,2013,,$7.82
Seasonal Influenza (adult),Novartis,Fluvirin,1-dose,Syringe,2021,,
Seasonal Influenza (adult),Novartis,Fluvirin,1-dose,Syringe,2020,,
Seasonal Influenza (adult),Novartis,Fluvirin,1-dose,Syringe,2019,,
Seasonal Influenza (adult),Novartis,Fluvirin,1-dose,Syringe,2018,,
Seasonal Influenza (adult),Novartis,Fluvirin,1-dose,Syringe,2016,0%,$7.96
Seasonal Influenza (adult),Novartis,Fluvirin,1-dose,Syringe,2015,0.293994120%,$7.96
Seasonal Influenza (adult),Novartis,Fluvirin,1-dose,Syringe,2014,0.252631579%,$7.94
Seasonal Influenza (adult),Novartis,Fluvirin,1-dose,Syringe,2013,,$7.92
Seasonal Influenza (adult),Novartis,Fluvirin,10-dose,Vial,2021,,
Seasonal Influenza (adult),Novartis,Fluvirin,10-dose,Vial,2020,,
Seasonal Influenza (adult),Novartis,Fluvirin,10-dose,Vial,2019,,
Seasonal Influenza (adult),Novartis,Fluvirin,10-dose,Vial,2017,0.478026214%,$7.24
Seasonal Influenza (adult),Novartis,Fluvirin,10-dose,Vial,2016,3.976270643%,$7.21
Seasonal Influenza (adult),Novartis,Fluvirin,10-dose,Vial,2015,0.289435601%,$6.93
Seasonal Influenza (adult),Novartis,Fluvirin,10-dose,Vial,2014,-0.096385542%,$6.91
Seasonal Influenza (adult),Novartis,Fluvirin,10-dose,Vial,2013,,$6.92
Seasonal Influenza (adult),Novartis,Flucelvax,1-dose,Syringe,2021,,
Seasonal Influenza (adult),Novartis,Flucelvax,1-dose,Syringe,2020,,
Seasonal Influenza (adult),Novartis,Flucelvax,1-dose,Syringe,2019,,
Seasonal Influenza (adult),Novartis,Flucelvax,1-dose,Syringe,2018,,
Seasonal Influenza (adult),Novartis,Flucelvax,1-dose,Syringe,2016,-4.784688995%,$7.96
Seasonal Influenza (adult),Novartis,Flucelvax,1-dose,Syringe,2015,-14.089974880%,$8.36
Seasonal Influenza (adult),Novartis,Flucelvax,1-dose,Syringe,2014,2.432748538%,$9.73
Seasonal Influenza (adult),Novartis,Flucelvax,1-dose,Syringe,2013,,$9.50
Seasonal Influenza (adult),Novartis,AgriFlu,1-dose,Syringe,2021,,
Seasonal Influenza (adult),Novartis,AgriFlu,1-dose,Syringe,2020,,
Seasonal Influenza (adult),Novartis,AgriFlu,1-dose,Syringe,2019,,
Seasonal Influenza (adult),Novartis,AgriFlu,1-dose,Syringe,2018,,
Seasonal Influenza (adult),Novartis,AgriFlu,1-dose,Syringe,2017,,
Seasonal Influenza (adult),Novartis,AgriFlu,1-dose,Syringe,2016,,
Seasonal Influenza (adult),Novartis,AgriFlu,1-dose,Syringe,2015,,
Seasonal Influenza (adult),Novartis,AgriFlu,1-dose,Syringe,2013,,$9.75
Seasonal Influenza (adult),Protein S.,Flublok,1-dose,Vial,2021,,
Seasonal Influenza (adult),Protein S.,Flublok,1-dose,Vial,2020,,
Seasonal Influenza (adult),Protein S.,Flublok,1-dose,Vial,2019,,
Seasonal Influenza (adult),Protein S.,Flublok,1-dose,Vial,2017,2.834235085e-14%,$25.07
Seasonal Influenza (adult),Protein S.,Flublok,1-dose,Vial,2016,0%,$25.07
Seasonal Influenza (adult),Protein S.,Flublok,1-dose,Vial,2015,,$25.07
Seasonal Influenza (adult),Protein S.,Flublok,1-dose,Vial,2014,,
Seasonal Influenza (adult),Protein S.,Flublok,1-dose,Vial,2013,,
Seasonal Influenza (adult),Sanofi,Fluzone,1-dose,Vial,2021,,
Seasonal Influenza (adult),Sanofi,Fluzone,1-dose,Syringe,2021,,
Seasonal Influenza (adult),Sanofi,Fluzone,1-dose,Vial,2020,,
Seasonal Influenza (adult),Sanofi,Fluzone,1-dose,Syringe,2020,,
Seasonal Influenza (adult),Sanofi,Fluzone,1-dose,Vial,2019,,
Seasonal Influenza (adult),Sanofi,Fluzone,1-dose,Syringe,2019,,
Seasonal Influenza (adult),Sanofi,Fluzone,1-dose,Vial,2018,,
Seasonal Influenza (adult),Sanofi,Fluzone,1-dose,Syringe,2018,,
Seasonal Influenza (adult),Sanofi,Fluzone,1-dose,Vial,2017,,
Seasonal Influenza (adult),Sanofi,Fluzone,1-dose,Syringe,2017,,
Seasonal Influenza (adult),Sanofi,Fluzone,1-dose,Vial,2016,,
Seasonal Influenza (adult),Sanofi,Fluzone,1-dose,Syringe,2015,-6.543054280%,$8.75
Seasonal Influenza (adult),Sanofi,Fluzone,1-dose,Vial,2014,0.492511132%,$9.93
Seasonal Influenza (adult),Sanofi,Fluzone,1-dose,Syringe,2014,-15.413904044%,$9.36
Seasonal Influenza (adult),Sanofi,Fluzone,1-dose,Vial,2013,,$9.88
Seasonal Influenza (adult),Sanofi,Fluzone,1-dose,Syringe,2013,,$11.07
Seasonal Influenza (adult),Sanofi,Fluzone,10-dose,Vial,2021,,
Seasonal Influenza (adult),Sanofi,Fluzone,10-dose,Vial,2020,,
Seasonal Influenza (adult),Sanofi,Fluzone,10-dose,Vial,2019,,
Seasonal Influenza (adult),Sanofi,Fluzone,10-dose,Vial,2018,,
Seasonal Influenza (adult),Sanofi,Fluzone,10-dose,Vial,2016,,$7.75
Seasonal Influenza (adult),Sanofi,Fluzone,10-dose,Vial,2014,-3.295310520%,$7.88
Seasonal Influenza (adult),Sanofi,Fluzone,10-dose,Vial,2013,,$8.15
Seasonal Influenza (adult),Seqirus,Fluvirin,1-dose,Syringe,2021,,
Seasonal Influenza (adult),Seqirus,Fluvirin,1-dose,Syringe,2020,,
Seasonal Influenza (adult),Seqirus,Fluvirin,1-dose,Syringe,2018,0%,$9.99
Seasonal Influenza (adult),Seqirus,Fluvirin,1-dose,Syringe,2017,,$9.99
Seasonal Influenza (adult),Seqirus,Fluvirin,1-dose,Syringe,2016,,
Seasonal Influenza (adult),Seqirus,Fluvirin,1-dose,Syringe,2015,,
Seasonal Influenza (adult),Seqirus,Fluvirin,1-dose,Syringe,2014,,
Seasonal Influenza (adult),Seqirus,Fluvirin,1-dose,Syringe,2013,,
Seasonal Influenza (adult),Seqirus,Fluvirin,10-dose,Vial,2021,,
Seasonal Influenza (adult),Seqirus,Fluvirin,10-dose,Vial,2020,,
Seasonal Influenza (adult),Seqirus,Fluvirin,10-dose,Vial,2018,0%,$9.50
Seasonal Influenza (adult),Seqirus,Fluvirin,10-dose,Vial,2017,,$9.50
Seasonal Influenza (adult),Seqirus,Fluvirin,10-dose,Vial,2016,,
Seasonal Influenza (adult),Seqirus,Fluvirin,10-dose,Vial,2015,,
Seasonal Influenza (adult),Seqirus,Fluvirin,10-dose,Vial,2014,,
Seasonal Influenza (adult),Seqirus,Fluvirin,10-dose,Vial,2013,,
Seasonal Influenza (adult),Seqirus,Afluria,1-dose,Syringe,2021,,
Seasonal Influenza (adult),Seqirus,Afluria,1-dose,Syringe,2020,,
Seasonal Influenza (adult),Seqirus,Afluria,1-dose,Syringe,2018,8.116883117%,$9.99
Seasonal Influenza (adult),Seqirus,Afluria,1-dose,Syringe,2017,15.644555695%,$9.24
Seasonal Influenza (adult),Seqirus,Afluria,1-dose,Syringe,2016,8.216704289%,$7.99
Seasonal Influenza (adult),Seqirus,Afluria,1-dose,Syringe,2015,1.280292638%,$7.38
Seasonal Influenza (adult),Seqirus,Afluria,1-dose,Syringe,2014,,$7.29
Seasonal Influenza (adult),Seqirus,Afluria,1-dose,Syringe,2013,,
Seasonal Influenza (adult),Seqirus,Afluria,10-dose,Vial,2021,,
Seasonal Influenza (adult),Seqirus,Afluria,10-dose,Vial,2020,,
Seasonal Influenza (adult),Seqirus,Afluria,10-dose,Vial,2018,7.090519671%,$9.50
Seasonal Influenza (adult),Seqirus,Afluria,10-dose,Vial,2017,22.527624309%,$8.87
Seasonal Influenza (adult),Seqirus,Afluria,10-dose,Vial,2016,9.439032583%,$7.24
Seasonal Influenza (adult),Seqirus,Afluria,10-dose,Vial,2015,1.310192275%,$6.62
Seasonal Influenza (adult),Seqirus,Afluria,10-dose,Vial,2014,,$6.53
Seasonal Influenza (adult),Seqirus,Afluria,10-dose,Vial,2013,,
Seasonal Influenza (adult) - QIV,AstraZen.,FluMist Quad.,1-dose,Sprayer,2021,-8.322451190%,$16.45
Seasonal Influenza (adult) - QIV,AstraZen.,FluMist Quad.,1-dose,Sprayer,2020,,$17.94
Seasonal Influenza (adult) - QIV,AstraZen.,FluMist Quad.,1-dose,Sprayer,2019,,
Seasonal Influenza (adult) - QIV,AstraZen.,FluMist Quad.,1-dose,Sprayer,2018,,
Seasonal Influenza (adult) - QIV,AstraZen.,FluMist Quad.,1-dose,Sprayer,2017,,
Seasonal Influenza (adult) - QIV,AstraZen.,FluMist Quad.,1-dose,Sprayer,2016,,
Seasonal Influenza (adult) - QIV,AstraZen.,FluMist Quad.,1-dose,Sprayer,2015,,
Seasonal Influenza (adult) - QIV,AstraZen.,FluMist Quad.,1-dose,Sprayer,2014,,
Seasonal Influenza (adult) - QIV,AstraZen.,FluMist Quad.,1-dose,Sprayer,2013,,
Seasonal Influenza (adult) - QIV,GSK,FluLaval Quad.,1-dose,Syringe,2021,3.584550587%,$12.84
Seasonal Influenza (adult) - QIV,GSK,FluLaval Quad.,1-dose,Syringe,2020,1.463902528%,$12.40
Seasonal Influenza (adult) - QIV,GSK,FluLaval Quad.,1-dose,Syringe,2019,0%,$12.22
Seasonal Influenza (adult) - QIV,GSK,FluLaval Quad.,1-dose,Syringe,2018,,$12.22
Seasonal Influenza (adult) - QIV,GSK,FluLaval Quad.,1-dose,Syringe,2017,,
Seasonal Influenza (adult) - QIV,GSK,FluLaval Quad.,1-dose,Syringe,2016,,
Seasonal Influenza (adult) - QIV,GSK,FluLaval Quad.,1-dose,Syringe,2015,,
Seasonal Influenza (adult) - QIV,GSK,FluLaval Quad.,1-dose,Syringe,2014,,
Seasonal Influenza (adult) - QIV,GSK,FluLaval Quad.,1-dose,Syringe,2013,,
Seasonal Influenza (adult) - QIV,GSK,FluLaval Quad.,10-dose,Vial,2020,0%,$11.94
Seasonal Influenza (adult) - QIV,GSK,FluLaval Quad.,10-dose,Vial,2019,0%,$11.94
Seasonal Influenza (adult) - QIV,GSK,FluLaval Quad.,10-dose,Vial,2018,0.505050505%,$11.94
Seasonal Influenza (adult) - QIV,GSK,FluLaval Quad.,10-dose,Vial,2017,1.365187713%,$11.88
Seasonal Influenza (adult) - QIV,GSK,FluLaval Quad.,10-dose,Vial,2016,3.048065651%,$11.72
Seasonal Influenza (adult) - QIV,GSK,FluLaval Quad.,10-dose,Vial,2015,6.491885144%,$11.37
Seasonal Influenza (adult) - QIV,GSK,FluLaval Quad.,10-dose,Vial,2014,,$10.68
Seasonal Influenza (adult) - QIV,GSK,FluLaval Quad.,10-dose,Vial,2013,,
Seasonal Influenza (adult) - QIV,GSK,Fluarix Quad.,1-dose,Syringe,2021,3.584550587%,$12.84
Seasonal Influenza (adult) - QIV,GSK,Fluarix Quad.,1-dose,Syringe,2020,1.463902528%,$12.40
Seasonal Influenza (adult) - QIV,GSK,Fluarix Quad.,1-dose,Syringe,2019,-0.738443361%,$12.22
Seasonal Influenza (adult) - QIV,GSK,Fluarix Quad.,1-dose,Syringe,2018,-3.216123499%,$12.31
Seasonal Influenza (adult) - QIV,GSK,Fluarix Quad.,1-dose,Syringe,2017,0.500395049%,$12.72
Seasonal Influenza (adult) - QIV,GSK,Fluarix Quad.,1-dose,Syringe,2016,4.399230135%,$12.66
Seasonal Influenza (adult) - QIV,GSK,Fluarix Quad.,1-dose,Syringe,2015,0.775838182%,$12.12
Seasonal Influenza (adult) - QIV,GSK,Fluarix Quad.,1-dose,Syringe,2014,0%,$12.03
Seasonal Influenza (adult) - QIV,GSK,Fluarix Quad.,1-dose,Syringe,2013,,$12.03
Seasonal Influenza (adult) - QIV,Sanofi,Fluzone Quad.,1-dose,Vial,2021,2.309080171%,$14.05
Seasonal Influenza (adult) - QIV,Sanofi,Fluzone Quad.,1-dose,Syringe,2021,2.309080171%,$14.05
Seasonal Influenza (adult) - QIV,Sanofi,Fluzone Quad.,1-dose,Vial,2020,-0.482995518%,$13.73
Seasonal Influenza (adult) - QIV,Sanofi,Fluzone Quad.,1-dose,Syringe,2020,-0.482995518%,$13.73
Seasonal Influenza (adult) - QIV,Sanofi,Fluzone Quad.,1-dose,Vial,2019,1.656537753%,$13.80
Seasonal Influenza (adult) - QIV,Sanofi,Fluzone Quad.,1-dose,Syringe,2019,1.656537753%,$13.80
Seasonal Influenza (adult) - QIV,Sanofi,Fluzone Quad.,1-dose,Vial,2018,-0.938921457%,$13.57
Seasonal Influenza (adult) - QIV,Sanofi,Fluzone Quad.,1-dose,Syringe,2018,-1.308550158e-14%,$13.57
Seasonal Influenza (adult) - QIV,Sanofi,Fluzone Quad.,1-dose,Vial,2017,-1.540758245%,$13.70
Seasonal Influenza (adult) - QIV,Sanofi,Fluzone Quad.,1-dose,Syringe,2017,0.501789166%,$13.58
Seasonal Influenza (adult) - QIV,Sanofi,Fluzone Quad.,1-dose,Vial,2016,2.527521997%,$13.92
Seasonal Influenza (adult) - QIV,Sanofi,Fluzone Quad.,1-dose,Syringe,2016,4.182199940%,$13.51
Seasonal Influenza (adult) - QIV,Sanofi,Fluzone Quad.,1-dose,Vial,2015,0%,$13.58
Seasonal Influenza (adult) - QIV,Sanofi,Fluzone Quad.,1-dose,Syringe,2015,0%,$12.97
Seasonal Influenza (adult) - QIV,Sanofi,Fluzone Quad.,1-dose,Vial,2014,,$13.58
Seasonal Influenza (adult) - QIV,Sanofi,Fluzone Quad.,1-dose,Syringe,2014,,$12.97
Seasonal Influenza (adult) - QIV,Sanofi,Fluzone Quad.,1-dose,Vial,2013,,
Seasonal Influenza (adult) - QIV,Sanofi,Fluzone Quad.,1-dose,Syringe,2013,,
Seasonal Influenza (adult) - QIV,Sanofi,Fluzone Quad.,10-dose,Vial,2021,2.508848636%,$13.13
Seasonal Influenza (adult) - QIV,Sanofi,Fluzone Quad.,10-dose,Vial,2020,0.231836990%,$12.81
Seasonal Influenza (adult) - QIV,Sanofi,Fluzone Quad.,10-dose,Vial,2019,1.649630101%,$12.78
Seasonal Influenza (adult) - QIV,Sanofi,Fluzone Quad.,10-dose,Vial,2018,0.018564685%,$12.57
Seasonal Influenza (adult) - QIV,Sanofi,Fluzone Quad.,10-dose,Vial,2017,0.342404996%,$12.57
Seasonal Influenza (adult) - QIV,Sanofi,Fluzone Quad.,10-dose,Vial,2016,2.502273141%,$12.53
Seasonal Influenza (adult) - QIV,Sanofi,Fluzone Quad.,10-dose,Vial,2015,0%,$12.22
Seasonal Influenza (adult) - QIV,Sanofi,Fluzone Quad.,10-dose,Vial,2014,,$12.22
Seasonal Influenza (adult) - QIV,Sanofi,Fluzone Quad.,10-dose,Vial,2013,,
Seasonal Influenza (adult) - QIV,Seqirus,Flucelvax Quad.,1-dose,Syringe,2021,2.959843023%,$15.92
Seasonal Influenza (adult) - QIV,Seqirus,Flucelvax Quad.,1-dose,Syringe,2020,2.223691703%,$15.46
Seasonal Influenza (adult) - QIV,Seqirus,Flucelvax Quad.,1-dose,Syringe,2019,21.625722015%,$15.12
Seasonal Influenza (adult) - QIV,Seqirus,Flucelvax Quad.,1-dose,Syringe,2018,-9.901185771%,$12.43
Seasonal Influenza (adult) - QIV,Seqirus,Flucelvax Quad.,1-dose,Syringe,2017,,$13.80
Seasonal Influenza (adult) - QIV,Seqirus,Flucelvax Quad.,1-dose,Syringe,2016,,
Seasonal Influenza (adult) - QIV,Seqirus,Flucelvax Quad.,1-dose,Syringe,2015,,
Seasonal Influenza (adult) - QIV,Seqirus,Flucelvax Quad.,1-dose,Syringe,2014,,
Seasonal Influenza (adult) - QIV,Seqirus,Flucelvax Quad.,1-dose,Syringe,2013,,
Seasonal Influenza (adult) - QIV,Seqirus,Flucelvax Quad.,10-dose,Vial,2021,5.207299382%,$15.31
Seasonal Influenza (adult) - QIV,Seqirus,Flucelvax Quad.,10-dose,Vial,2020,0.058253354%,$14.55
Seasonal Influenza (adult) - QIV,Seqirus,Flucelvax Quad.,10-dose,Vial,2019,25.722003929%,$14.54
Seasonal Influenza (adult) - QIV,Seqirus,Flucelvax Quad.,10-dose,Vial,2018,-7.823252445%,$11.57
Seasonal Influenza (adult) - QIV,Seqirus,Flucelvax Quad.,10-dose,Vial,2017,,$12.55
Seasonal Influenza (adult) - QIV,Seqirus,Flucelvax Quad.,10-dose,Vial,2016,,
Seasonal Influenza (adult) - QIV,Seqirus,Flucelvax Quad.,10-dose,Vial,2015,,
Seasonal Influenza (adult) - QIV,Seqirus,Flucelvax Quad.,10-dose,Vial,2014,,
Seasonal Influenza (adult) - QIV,Seqirus,Flucelvax Quad.,10-dose,Vial,2013,,
Seasonal Influenza (adult) - QIV,Seqirus,Afluria Quad.,1-dose,Syringe,2021,6.163769934%,$13.17
Seasonal Influenza (adult) - QIV,Seqirus,Afluria Quad.,1-dose,Syringe,2020,2.244206284%,$12.40
Seasonal Influenza (adult) - QIV,Seqirus,Afluria Quad.,1-dose,Syringe,2019,-0.817661488%,$12.13
Seasonal Influenza (adult) - QIV,Seqirus,Afluria Quad.,1-dose,Syringe,2018,-3.548895899%,$12.23
Seasonal Influenza (adult) - QIV,Seqirus,Afluria Quad.,1-dose,Syringe,2017,,$12.68
Seasonal Influenza (adult) - QIV,Seqirus,Afluria Quad.,1-dose,Syringe,2016,,
Seasonal Influenza (adult) - QIV,Seqirus,Afluria Quad.,1-dose,Syringe,2015,,
Seasonal Influenza (adult) - QIV,Seqirus,Afluria Quad.,1-dose,Syringe,2014,,
Seasonal Influenza (adult) - QIV,Seqirus,Afluria Quad.,1-dose,Syringe,2013,,
Seasonal Influenza (adult) - QIV,Seqirus,Afluria Quad.,10-dose,Vial,2021,8.085065619%,$12.54
Seasonal Influenza (adult) - QIV,Seqirus,Afluria Quad.,10-dose,Vial,2020,2.192853647%,$11.60
Seasonal Influenza (adult) - QIV,Seqirus,Afluria Quad.,10-dose,Vial,2019,-0.952003173%,$11.35
Seasonal Influenza (adult) - QIV,Seqirus,Afluria Quad.,10-dose,Vial,2018,-4.108025865%,$11.46
Seasonal Influenza (adult) - QIV,Seqirus,Afluria Quad.,10-dose,Vial,2017,,$11.95
Seasonal Influenza (adult) - QIV,Seqirus,Afluria Quad.,10-dose,Vial,2016,,
Seasonal Influenza (adult) - QIV,Seqirus,Afluria Quad.,10-dose,Vial,2015,,
Seasonal Influenza (adult) - QIV,Seqirus,Afluria Quad.,10-dose,Vial,2014,,
Seasonal Influenza (adult) - QIV,Seqirus,Afluria Quad.,10-dose,Vial,2013,,
Shingles,GSK,Shingrix,1-dose,Vial,2021,-1.498582885%,$100.56
Shingles,GSK,Shingrix,1-dose,Vial,2020,-0.306318096%,$102.09
Shingles,GSK,Shingrix,1-dose,Vial,2019,0.204520990%,$102.40
Shingles,GSK,Shingrix,1-dose,Vial,2018,,$102.19
Shingles,GSK,Shingrix,1-dose,Vial,2017,,
Shingles,GSK,Shingrix,1-dose,Vial,2016,,
Shingles,GSK,Shingrix,1-dose,Vial,2015,,
Shingles,GSK,Shingrix,1-dose,Vial,2014,,
Shingles,GSK,Shingrix,1-dose,Vial,2013,,
Shingles,Merck,Zostavax,1-dose,Vial,2021,,
Shingles,Merck,Zostavax,1-dose,Vial,2020,,
Shingles,Merck,Zostavax,1-dose,Vial,2018,0.557486762%,$134.16
Shingles,Merck,Zostavax,1-dose,Vial,2017,13.914124165%,$133.42
Shingles,Merck,Zostavax,1-dose,Vial,2016,0.244410419%,$117.12
Shingles,Merck,Zostavax,1-dose,Vial,2015,1.415267217%,$116.83
Shingles,Merck,Zostavax,1-dose,Vial,2014,0.665253052%,$115.20
Shingles,Merck,Zostavax,1-dose,Vial,2013,,$114.44
Td,Grifols,TDVAX,1-dose,Vial,2021,1.343241708%,$16.46
Td,Grifols,TDVAX,1-dose,Vial,2020,1.314448535%,$16.24
Td,Grifols,TDVAX,1-dose,Vial,2019,,$16.03
Td,Grifols,TDVAX,1-dose,Vial,2018,,
Td,Grifols,TDVAX,1-dose,Vial,2017,,
Td,Grifols,TDVAX,1-dose,Vial,2016,,
Td,Grifols,TDVAX,1-dose,Vial,2015,,
Td,Grifols,TDVAX,1-dose,Vial,2014,,
Td,Grifols,TDVAX,1-dose,Vial,2013,,
Td,Grifols,,1-dose,Vial,2021,,
Td,Grifols,,1-dose,Vial,2019,0.030488911%,$12.53
Td,Grifols,,1-dose,Vial,2018,-2.395215945%,$12.52
Td,Grifols,,1-dose,Vial,2017,-2.799242424%,$12.83
Td,Grifols,,1-dose,Vial,2016,,$13.20
Td,Grifols,,1-dose,Vial,2015,,
Td,Grifols,,1-dose,Vial,2014,,
Td,Grifols,,1-dose,Vial,2013,,
Td,Merck,,1-dose,Vial,2021,,
Td,Merck,,1-dose,Vial,2020,,
Td,Merck,,1-dose,Vial,2019,,
Td,Merck,,1-dose,Vial,2018,,
Td,Merck,,1-dose,Vial,2017,,
Td,Merck,,1-dose,Vial,2016,,
Td,Merck,,1-dose,Vial,2015,,
Td,Merck,,1-dose,Vial,2013,,$16.01
Td,Sanofi,Tenivac,1-dose,Vial,2021,2.471665052%,$21.51
Td,Sanofi,Tenivac,1-dose,Syringe,2021,2.471665052%,$21.51
Td,Sanofi,Tenivac,1-dose,Vial,2020,2.546689304%,$20.99
Td,Sanofi,Tenivac,1-dose,Syringe,2020,2.546689304%,$20.99
Td,Sanofi,Tenivac,1-dose,Vial,2019,2.585888732%,$20.47
Td,Sanofi,Tenivac,1-dose,Syringe,2019,2.585888732%,$20.47
Td,Sanofi,Tenivac,1-dose,Vial,2018,1.329701279%,$19.95
Td,Sanofi,Tenivac,1-dose,Syringe,2018,1.329701279%,$19.95
Td,Sanofi,Tenivac,1-dose,Vial,2017,0.741877718%,$19.69
Td,Sanofi,Tenivac,1-dose,Syringe,2017,0.741877718%,$19.69
Td,Sanofi,Tenivac,1-dose,Vial,2016,5.973251401%,$19.55
Td,Sanofi,Tenivac,1-dose,Syringe,2016,5.973251401%,$19.55
Td,Sanofi,Tenivac,1-dose,Vial,2015,4.494806421%,$18.44
Td,Sanofi,Tenivac,1-dose,Syringe,2015,4.494806421%,$18.44
Td,Sanofi,Tenivac,1-dose,Vial,2014,1.056046822%,$17.65
Td,Sanofi,Tenivac,1-dose,Syringe,2014,1.056046822%,$17.65
Td,Sanofi,Tenivac,1-dose,Vial,2013,,$17.47
Td,Sanofi,Tenivac,1-dose,Syringe,2013,,$17.47
Td (adult),Akorn,Tenivac,1-dose,Vial,2021,,
Td (adult),Akorn,Tenivac,1-dose,Vial,2020,,
Td (adult),Akorn,Tenivac,1-dose,Vial,2019,,
Td (adult),Akorn,Tenivac,1-dose,Vial,2018,,
Td (adult),Akorn,Tenivac,1-dose,Vial,2017,,
Td (adult),Akorn,Tenivac,1-dose,Vial,2016,,
Td (adult),Akorn,Tenivac,1-dose,Vial,2015,,
Td (adult),Akorn,Tenivac,1-dose,Vial,2013,,$12.60
Td (adult),Akorn,,1-dose,Vial,2021,,
Td (adult),Akorn,,1-dose,Vial,2020,,
Td (adult),Akorn,,1-dose,Vial,2019,,
Td (adult),Akorn,,1-dose,Vial,2018,,
Td (adult),Akorn,,1-dose,Vial,2017,,
Td (adult),Akorn,,1-dose,Vial,2016,,
Td (adult),Akorn,,1-dose,Vial,2014,,$12.60
Td (adult),Akorn,,1-dose,Vial,2013,,
Td (adult),Grifols,TDVAX,1-dose,Vial,2021,1.558953983%,$16.36
Td (adult),Grifols,TDVAX,1-dose,Vial,2020,5.008909557%,$16.11
Td (adult),Grifols,TDVAX,1-dose,Vial,2019,,$15.34
Td (adult),Grifols,TDVAX,1-dose,Vial,2018,,
Td (adult),Grifols,TDVAX,1-dose,Vial,2017,,
Td (adult),Grifols,TDVAX,1-dose,Vial,2016,,
Td (adult),Grifols,TDVAX,1-dose,Vial,2015,,
Td (adult),Grifols,TDVAX,1-dose,Vial,2014,,
Td (adult),Grifols,TDVAX,1-dose,Vial,2013,,
Td (adult),Grifols,,1-dose,Vial,2021,,
Td (adult),Grifols,,1-dose,Vial,2019,1.542936471%,$13.96
Td (adult),Grifols,,1-dose,Vial,2018,6.876647096%,$13.75
Td (adult),Grifols,,1-dose,Vial,2017,-2.522727273%,$12.87
Td (adult),Grifols,,1-dose,Vial,2016,,$13.20
Td (adult),Grifols,,1-dose,Vial,2015,,
Td (adult),Grifols,,1-dose,Vial,2014,,
Td (adult),Grifols,,1-dose,Vial,2013,,
Td (adult),Merck,,1-dose,Vial,2021,,
Td (adult),Merck,,1-dose,Vial,2020,,
Td (adult),Merck,,1-dose,Vial,2019,,
Td (adult),Merck,,1-dose,Vial,2018,,
Td (adult),Merck,,1-dose,Vial,2017,,
Td (adult),Merck,,1-dose,Vial,2016,,
Td (adult),Merck,,1-dose,Vial,2014,-2.710340005e-14%,$13.11
Td (adult),Merck,,1-dose,Vial,2013,,$13.11
Td (adult),Sanofi,Tenivac,1-dose,Vial,2021,,
Td (adult),Sanofi,Tenivac,1-dose,Syringe,2021,,
Td (adult),Sanofi,Tenivac,1-dose,Vial,2020,,
Td (adult),Sanofi,Tenivac,1-dose,Syringe,2020,,
Td (adult),Sanofi,Tenivac,1-dose,Vial,2019,,
Td (adult),Sanofi,Tenivac,1-dose,Syringe,2019,,
Td (adult),Sanofi,Tenivac,1-dose,Vial,2017,-4.342816819e-14%,$12.27
Td (adult),Sanofi,Tenivac,1-dose,Syringe,2017,0%,$12.46
Td (adult),Sanofi,Tenivac,1-dose,Vial,2016,-14.172806118%,$12.27
Td (adult),Sanofi,Tenivac,1-dose,Syringe,2016,-13.479159596%,$12.46
Td (adult),Sanofi,Tenivac,1-dose,Vial,2015,3.180178013%,$14.30
Td (adult),Sanofi,Tenivac,1-dose,Syringe,2015,4.314104111%,$14.41
Td (adult),Sanofi,Tenivac,1-dose,Vial,2014,2.498561683%,$13.86
Td (adult),Sanofi,Tenivac,1-dose,Syringe,2014,2.918892063%,$13.81
Td (adult),Sanofi,Tenivac,1-dose,Vial,2013,,$13.52
Td (adult),Sanofi,Tenivac,1-dose,Syringe,2013,,$13.42
Tdap,GSK,Boostrix,1-dose,Vial,2021,2.481729598%,$33.66
Tdap,GSK,Boostrix,1-dose,Syringe,2021,2.481729598%,$33.66
Tdap,GSK,Boostrix,1-dose,Vial,2020,2.552892497%,$32.84
Tdap,GSK,Boostrix,1-dose,Syringe,2020,2.552892497%,$32.84
Tdap,GSK,Boostrix,1-dose,Vial,2019,1.908722696%,$32.02
Tdap,GSK,Boostrix,1-dose,Syringe,2019,1.908722696%,$32.02
Tdap,GSK,Boostrix,1-dose,Vial,2018,-0.037274944%,$31.42
Tdap,GSK,Boostrix,1-dose,Syringe,2018,-0.037274944%,$31.42
Tdap,GSK,Boostrix,1-dose,Vial,2017,-0.054757741%,$31.43
Tdap,GSK,Boostrix,1-dose,Syringe,2017,-0.054757741%,$31.43
Tdap,GSK,Boostrix,1-dose,Vial,2016,4.213607245%,$31.45
Tdap,GSK,Boostrix,1-dose,Syringe,2016,5.483510341%,$31.45
Tdap,GSK,Boostrix,1-dose,Vial,2015,-1.472721997%,$30.18
Tdap,GSK,Boostrix,1-dose,Syringe,2015,-2.658879861%,$29.82
Tdap,GSK,Boostrix,1-dose,Vial,2014,0.112575807%,$30.63
Tdap,GSK,Boostrix,1-dose,Syringe,2014,0.727100004%,$30.63
Tdap,GSK,Boostrix,1-dose,Vial,2013,,$30.60
Tdap,GSK,Boostrix,1-dose,Syringe,2013,,$30.41
Tdap,Sanofi,Adacel,1-dose,Vial,2021,1.814783511%,$32.93
Tdap,Sanofi,Adacel,1-dose,Syringe,2021,1.814783511%,$32.93
Tdap,Sanofi,Adacel,1-dose,Vial,2020,2.550605148%,$32.34
Tdap,Sanofi,Adacel,1-dose,Syringe,2020,2.550605148%,$32.34
Tdap,Sanofi,Adacel,1-dose,Vial,2019,1.998000529%,$31.54
Tdap,Sanofi,Adacel,1-dose,Syringe,2019,1.998000529%,$31.54
Tdap,Sanofi,Adacel,1-dose,Vial,2018,-0.775432534%,$30.92
Tdap,Sanofi,Adacel,1-dose,Syringe,2018,-0.775432534%,$30.92
Tdap,Sanofi,Adacel,1-dose,Vial,2017,-0.672971346%,$31.16
Tdap,Sanofi,Adacel,1-dose,Syringe,2017,-0.672971346%,$31.16
Tdap,Sanofi,Adacel,1-dose,Vial,2016,1.204430584%,$31.37
Tdap,Sanofi,Adacel,1-dose,Syringe,2016,1.204430584%,$31.37
Tdap,Sanofi,Adacel,1-dose,Vial,2015,2.287977120%,$31.00
Tdap,Sanofi,Adacel,1-dose,Syringe,2015,2.287977120%,$31.00
Tdap,Sanofi,Adacel,1-dose,Vial,2014,-0.350761811%,$30.30
Tdap,Sanofi,Adacel,1-dose,Syringe,2014,-0.350761811%,$30.30
Tdap,Sanofi,Adacel,1-dose,Vial,2013,,$30.41
Tdap,Sanofi,Adacel,1-dose,Syringe,2013,,$30.41
Tdap (adult),GSK,Boostrix,1-dose,Vial,2021,2.566032326%,$25.44
Tdap (adult),GSK,Boostrix,1-dose,Syringe,2021,1.936904667%,$25.61
Tdap (adult),GSK,Boostrix,1-dose,Vial,2020,0.951062993%,$24.80
Tdap (adult),GSK,Boostrix,1-dose,Syringe,2020,0.725596312%,$25.13
Tdap (adult),GSK,Boostrix,1-dose,Vial,2019,0.318856719%,$24.57
Tdap (adult),GSK,Boostrix,1-dose,Syringe,2019,0.625252118%,$24.94
Tdap (adult),GSK,Boostrix,1-dose,Vial,2018,0.542896810%,$24.49
Tdap (adult),GSK,Boostrix,1-dose,Syringe,2018,-0.190573330%,$24.79
Tdap (adult),GSK,Boostrix,1-dose,Vial,2017,1.612050985%,$24.36
Tdap (adult),GSK,Boostrix,1-dose,Syringe,2017,8.633911649%,$24.84
Tdap (adult),GSK,Boostrix,1-dose,Vial,2016,-4.234542146%,$23.97
Tdap (adult),GSK,Boostrix,1-dose,Syringe,2016,-4.159292035%,$22.86
Tdap (adult),GSK,Boostrix,1-dose,Vial,2015,-2.129526656%,$25.03
Tdap (adult),GSK,Boostrix,1-dose,Syringe,2015,-7.500753953%,$23.86
Tdap (adult),GSK,Boostrix,1-dose,Vial,2014,1.245601689%,$25.58
Tdap (adult),GSK,Boostrix,1-dose,Syringe,2014,2.089197748%,$25.79
Tdap (adult),GSK,Boostrix,1-dose,Vial,2013,,$25.26
Tdap (adult),GSK,Boostrix,1-dose,Syringe,2013,,$25.26
Tdap (adult),Sanofi,Adacel,1-dose,Vial,2021,5.257245363%,$26.34
Tdap (adult),Sanofi,Adacel,1-dose,Syringe,2021,3.735547520%,$25.82
Tdap (adult),Sanofi,Adacel,1-dose,Vial,2020,2.174948621%,$25.02
Tdap (adult),Sanofi,Adacel,1-dose,Syringe,2020,-0.852453792%,$24.89
Tdap (adult),Sanofi,Adacel,1-dose,Vial,2019,-1.618863983%,$24.49
Tdap (adult),Sanofi,Adacel,1-dose,Syringe,2019,1.189455401%,$25.10
Tdap (adult),Sanofi,Adacel,1-dose,Vial,2018,3.413323733%,$24.89
Tdap (adult),Sanofi,Adacel,1-dose,Syringe,2018,1.351863269%,$24.81
Tdap (adult),Sanofi,Adacel,1-dose,Vial,2017,1.991808681%,$24.07
Tdap (adult),Sanofi,Adacel,1-dose,Syringe,2017,5.269646492%,$24.48
Tdap (adult),Sanofi,Adacel,1-dose,Vial,2016,2.643150519%,$23.60
Tdap (adult),Sanofi,Adacel,1-dose,Syringe,2016,15.249140893%,$23.25
Tdap (adult),Sanofi,Adacel,1-dose,Vial,2015,1.613441747%,$22.99
Tdap (adult),Sanofi,Adacel,1-dose,Syringe,2015,-5.371771622%,$20.18
Tdap (adult),Sanofi,Adacel,1-dose,Vial,2014,-6.243267381%,$22.63
Tdap (adult),Sanofi,Adacel,1-dose,Syringe,2014,-12.203290569%,$21.32
Tdap (adult),Sanofi,Adacel,1-dose,Vial,2013,,$24.14
Tdap (adult),Sanofi,Adacel,1-dose,Syringe,2013,,$24.28
Varicella,Merck,Varivax,1-dose,Vial,2021,4.965748117%,$112.88
Varicella,Merck,Varivax,1-dose,Vial,2020,4.783480711%,$107.54
Varicella,Merck,Varivax,1-dose,Vial,2019,7.873099128%,$102.63
Varicella,Merck,Varivax,1-dose,Vial,2018,11.967889998%,$95.14
Varicella,Merck,Varivax,1-dose,Vial,2017,-1.608306582%,$84.97
Varicella,Merck,Varivax,1-dose,Vial,2016,5.365083238%,$86.36
Varicella,Merck,Varivax,1-dose,Vial,2015,5.964488881%,$81.96
Varicella,Merck,Varivax,1-dose,Vial,2014,3.512267658%,$77.35
Varicella,Merck,Varivax,1-dose,Vial,2013,,$74.72
Varicella (adult),Merck,Varivax,1-dose,Vial,2021,6.688417839%,$87.53
Varicella (adult),Merck,Varivax,1-dose,Vial,2020,1.006506898%,$82.04
Varicella (adult),Merck,Varivax,1-dose,Vial,2019,11.276352636%,$81.22
Varicella (adult),Merck,Varivax,1-dose,Vial,2018,8.049146353%,$72.99
Varicella (adult),Merck,Varivax,1-dose,Vial,2017,-0.041102872%,$67.55
Varicella (adult),Merck,Varivax,1-dose,Vial,2016,5.485605272%,$67.58
Varicella (adult),Merck,Varivax,1-dose,Vial,2015,5.431765571%,$64.07
Varicella (adult),Merck,Varivax,1-dose,Vial,2014,-0.715459257%,$60.77
Varicella (adult),Merck,Varivax,1-dose,Vial,2013,,$61.20
